x1,x2,label
-1.89377467,0.84603624,0
1.11760024,-1.48937767,1
-0.69110225,0.18632904,1
0.89540395,-1.79323401,1
1.66141135,-1.01389688,1
0.10391467,1.27640885,0
-1.08308821,-0.80807649,1
-1.83348417,0.61693774,0
1.45686254,-1.55608349,1
0.05726246,-1.91159263,1
-1.94360468,0.70263193,0
-0.10831475,-0.02049460,1
0.48977111,1.38660118,0
-1.80880941,-0.62636393,0
0.44749383,-1.23788023,1
1.36941212,0.19270611,1
1.84962099,0.21061897,1
0.08463998,-1.33525235,1
1.31945591,0.19741194,1
-0.63029665,0.64852835,0
-1.10605507,-0.45092269,0
-0.51488027,1.06392690,0
0.64955750,-1.58064766,1
1.76002945,-0.17423553,1
-0.23966415,-0.21583487,1
1.31605726,-0.69341140,1
-0.70603486,0.55826588,0
-1.16204851,-0.50161221,0
-0.31224840,-1.84295112,1
-1.70704878,1.00588433,0
-0.67891104,1.75778285,0
-1.23191693,0.85465140,0
0.43416969,0.72853595,0
-0.16333007,-0.99935208,1
-0.21413142,-0.08779584,1
-1.49987946,1.01138283,0
1.08645971,-0.65313425,1
-0.45225126,0.15078174,1
1.48713824,-0.79687132,1
-1.57936772,-1.18247561,0
0.31239735,0.32526081,0
-1.85846177,0.36342043,0
1.02914339,-1.03545102,1
0.70994890,0.76001995,0
-1.54007156,0.00734612,0
1.34046130,-1.17775740,1
1.47855377,-0.50029212,1
-0.14280499,-0.71632882,1
0.59556096,-1.79306530,1
-0.75723494,1.65506628,0
0.88034854,0.39281573,0
1.14141976,-2.02995953,1
0.92381640,-1.61345857,1
0.28222516,0.90400021,0
1.82353117,-0.08398003,1
-0.83926301,1.56024164,0
1.32172180,-0.00507911,1
0.23847977,1.47014179,0
-0.83918128,1.93354713,0
0.39352619,-1.30230567,1
-0.40590071,-0.04702626,1
1.20736657,-0.77824890,1
0.10051904,0.39631617,0
-1.30981006,0.68633977,0
-0.15687550,1.27798828,0
-0.17111995,-1.58900703,1
-0.31042437,-1.10167982,1
-0.42620431,0.75813504,0
-0.29739124,-0.25696888,1
-1.58020059,1.63231108,0
1.35534634,-0.85602758,1
-0.49809494,1.06656119,0
-0.01788973,-1.83668215,1
-1.54654213,-0.75220547,0
1.64864712,-0.03539100,1
0.69468101,-0.76669598,0
-0.72229757,-0.01116242,1
-1.34727971,0.37766806,0
-2.11916159,-0.27593558,0
0.96675444,-0.11607166,1
-0.37654269,-0.50464036,1
0.42230310,-0.32083994,0
-0.25895770,0.81848891,0
0.09998701,-1.10126077,1
-0.16267908,0.35759759,1
0.16308634,1.31121873,0
0.42591557,-0.26621365,0
-1.34583725,0.91938554,0
-0.98155998,1.91434902,0
-0.98207088,0.84719528,0
-0.53121849,0.39446825,0
-1.69255673,-0.61543861,0
0.71606259,-1.67016084,1
1.56107650,0.46649219,1
1.83663981,0.73634945,1
-0.83501343,1.42416511,0
-0.09533651,0.11191381,1
-0.93156177,-0.48376464,0
-0.55185859,-0.36782373,1
-1.40875641,0.66291931,0
1.82866573,-0.05535120,1
-0.54423985,1.69083678,0
1.25733890,-1.42577645,1
0.80894775,-1.52663985,1
0.52657550,-1.45913291,1
-0.50167391,1.23318484,0
0.18336783,0.76541230,0
-0.48916100,1.46469030,0
-0.16907557,0.98380737,0
-0.37123644,0.18790014,1
1.50837785,-1.55287412,1
0.04159116,0.21917679,0
-0.15874338,0.99566710,0
0.20491250,-1.42614296,1
-1.09937043,1.11825699,0
0.31617797,-0.56620858,0
1.64897186,0.48560872,1
0.50420551,-1.27828707,1
0.32650238,-1.03598942,1
0.98607314,-1.24077790,1
-1.68927333,0.81638083,0
1.39446244,-0.99168177,1
-1.31757114,0.85238093,0
0.08768655,-1.25258909,1
-1.97455196,-0.29856297,0
-1.59222203,0.18060918,0
-0.52867252,-0.09191226,1
-0.59838318,0.25799738,1
-1.77095438,0.34591428,0
-0.16786024,0.99786620,0
0.21827264,1.80051216,0
0.14372370,1.11920425,0
1.43619329,-0.77127696,1
0.97176517,-1.57602503,1
-0.61439623,0.79608880,1
-0.43658215,1.30641673,0
-1.03593500,0.27278199,0
0.36949192,1.57526902,0
-0.55086446,-0.31211981,1
-0.68834846,0.60331758,0
0.21167198,1.09369775,0
0.00014590,1.24423570,0
-0.35148198,1.10895447,0
-0.87389068,1.38800450,0
-0.29640854,1.45656149,0
2.40731786,0.29596299,1
0.10228111,-0.90291828,1
-0.91999278,1.50879307,0
-0.32758448,-1.39194077,1
0.97518002,-0.86988941,1
0.54926865,0.33662840,0
0.08540672,0.95894732,0
1.73938881,0.59177316,1
-1.65550832,0.35516335,0
0.59537329,-0.67673095,1
-1.24277583,0.57009690,0
0.82072139,-0.88857541,1
0.81865773,-0.86037229,1
1.53403839,-1.10073503,1
0.78604938,0.00943477,0
0.43894593,0.00792449,0
-0.52119602,1.13647967,0
-0.25686088,-0.70704227,1
0.05230794,1.44428116,0
0.17296405,-1.09383622,1
-0.16935514,1.82214846,0
0.38261173,-0.61728501,1
1.44139899,-1.36729043,1
-0.25755117,1.79260445,0
-0.42634845,-0.96014295,1
-0.98275899,1.44045089,0
-0.23533629,-0.99098823,1
0.57198481,-0.27096415,1
-1.30928618,-0.36552220,0
0.48558350,-0.61928558,0
0.26658962,-1.32967556,1
2.05713689,-0.81821295,1
-0.79312183,1.70585524,0
-0.46576286,1.61850378,0
0.75283207,0.07101605,0
0.40417102,-1.52127591,1
-1.28357558,1.33191693,0
-0.21559740,-0.72613977,1
0.65884700,-1.22672407,1
-0.46074413,-0.81601084,1
1.31409513,-0.91779425,1
0.46405997,-0.84427028,1
-0.73522082,-0.58744973,1
0.08512745,-0.24200511,0
-0.42903482,0.23969116,1
0.37083293,0.63738295,0
-0.11862652,-0.81481377,1
-0.85539447,1.00659019,0
-0.49113161,1.14629320,0
-1.51685350,0.73198589,0
-0.07057216,-0.11330353,1
-1.00720778,1.25071380,0
1.75992392,-0.66459447,1
0.32991195,1.20023936,0
-1.08495524,0.43461951,0
-0.32060520,-1.02020414,1
1.98582359,-0.18410358,1
1.33453842,-0.25427382,1
-0.65267274,-0.89289498,1
-0.19304321,-0.20900223,1
-1.50043447,-0.06867813,0
-0.67987788,0.27093373,1
1.65746807,-1.09282807,1
-1.71030406,-0.01927949,0
-0.16628180,-1.08850470,1
1.30003666,-0.68900413,1
-1.60797957,0.05014089,0
0.39446586,-1.18418383,1
-0.84153356,1.44511375,1
0.45029269,-1.21458239,1
1.43642981,-1.58657425,1
-1.53110124,-0.23606135,0
0.89510575,-1.61744325,1
0.01770431,0.87151858,0
-0.22853280,-0.73120728,1
-1.63708336,0.65988445,0
-0.82450893,0.61829195,0
1.46093689,-0.44293659,1
0.69129340,-1.58475568,1
0.47092044,-0.26990222,0
1.89870167,-0.03509397,1
0.16625056,-0.62489408,1
-0.31214216,0.44408669,1
1.14615350,-1.96418080,1
0.57610989,-1.47764853,1
-0.54505822,0.20489296,1
-0.58497033,0.28550370,1
0.93636442,-0.75760290,0
-0.56784370,-0.11496482,1
0.97757723,-1.71406158,1
-0.50772777,0.61245443,0
1.25412764,-1.33033181,1
-0.21664084,0.64905093,1
-0.00689732,1.30371924,0
0.79073273,-0.37796219,0
1.97289774,-0.45248904,1
-1.78815017,0.83311765,0
0.18761433,1.91686048,0
-0.72708589,1.62779278,0
0.28489418,-1.40481208,1
0.93249478,1.26305612,0
0.52166248,1.33718373,0
-0.27183998,-0.18630862,1
-0.14791665,-1.45327289,1
-0.53585619,0.42062504,0
-1.11641360,1.21646759,0
0.45644823,-0.06765880,0
1.18026466,-1.33415898,1
0.68388517,-1.29049836,1
-1.00388125,1.39153197,0
2.01978485,0.13609747,1
-0.02158452,0.17906494,1
-0.14493566,-0.76581496,1
-2.15314835,0.78453880,0
-0.56177827,0.68974075,0
0.98583352,-0.69089995,1
-2.07164049,0.57288870,0
1.18794397,-1.60183840,1
-1.18372845,1.45640509,0
-0.84682161,0.69063889,0
-0.21698194,1.08180907,0
-1.06735726,-0.22617290,0
-0.88308272,0.26238702,0
0.46053620,1.66093747,0
-0.39960958,-0.70339585,1
0.06563695,1.39117149,0
-0.36556596,-2.23321015,1
0.42854024,0.66150351,0
0.57515690,-1.68258551,1
-0.26575035,-0.47768841,1
0.07019092,0.40627785,0
1.88186745,-1.38073535,1
0.72330690,-1.55139465,1
-1.46619143,-0.05453030,0
1.71229067,-1.48972985,1
-0.12563861,0.95833172,0
-0.08678283,-0.64302326,1
-0.68522666,1.27253762,0
0.01931621,0.55140715,0
-0.36646323,0.17962645,1
-1.50133731,-0.40782938,0
0.36146611,-0.88152766,1
-0.45252873,-0.92336536,1
-1.07837408,1.49209716,0
-0.03044690,-0.27262095,0
0.35026079,1.46248540,0
-1.90829648,0.40359744,0
1.23203488,1.10463903,1
0.94239804,-0.98045964,1
0.29460154,0.99527888,0
-1.44654607,1.52121118,0
-1.47142487,1.69420632,0
-0.87417942,0.79962056,0
-0.01611325,1.21573107,0
-1.66428988,0.57326048,0
0.13314634,-0.63323843,1
0.27006329,1.73249000,0
-0.60275986,0.85548481,0
0.70525305,1.16713128,0
-0.64253598,0.22424195,0
-1.37362643,-0.08308772,0
-0.75798471,1.53612427,0
-0.03942977,0.69655305,0
-1.82097120,0.30563807,0
-0.17012050,1.28258532,0
-0.05505241,1.52207787,0
0.17789819,0.82897422,0
1.41350002,-0.11855441,1
-0.58777294,0.05753686,1
1.24194961,0.01712067,1
0.67876995,0.57800476,0
1.59249581,0.04525470,1
1.75294178,0.00400439,1
-0.76472611,-0.13437822,0
1.31226000,-0.87918884,1
0.57100460,-0.22007021,0
0.05043029,0.11447621,0
1.64263841,-1.44816542,1
-1.07465571,1.28615247,0
0.79135559,-0.82284559,1
1.35748413,-1.07470561,1
-1.46002278,0.70456052,0
1.30663729,-1.07121770,1
0.91987662,-1.39481045,1
-0.17840216,1.86466312,0
-1.51208508,0.00553122,0
-0.17469031,1.36825410,0
1.74098260,0.51759584,1
-1.11850814,-0.00748170,0
-0.22734626,-0.22179278,1
0.81236302,-1.03130929,1
0.95018336,-1.35604318,1
-0.86782842,0.50383382,0
0.36537576,-1.59894237,1
1.33749661,-0.72337996,1
-1.41488554,1.31145912,0
1.19171233,-0.98155915,1
-0.76797790,0.64147232,1
1.92924865,0.37064709,1
-1.08598210,0.97064515,0
0.26440371,-0.67977990,0
-2.00543151,0.02203444,0
0.28145221,0.41114445,0
0.31067595,-1.26272466,1
0.29595462,0.48951943,0
-1.30210035,0.92281942,0
-1.11418377,1.31872149,0
-0.77279271,0.86466422,0
1.27818247,-1.28282138,1
1.13789117,-0.12311316,1
-0.02947077,-0.55674366,1
-0.93443907,1.34106798,0
0.37393970,-0.06117602,0
1.10113997,-1.40720520,1
0.16568398,-0.44575129,1
-2.03935081,0.27004711,0
1.60062383,-0.37550980,1
1.69992277,-0.70729840,1
0.04218381,-1.66707843,1
0.11023800,-0.21904605,1
-0.95582764,-0.94060876,1
1.34503837,0.24068877,1
-1.97797623,0.12416753,0
-1.27699176,0.73536432,0
-0.05131112,0.90013074,0
0.28159970,-1.34780212,1
-0.34482900,-0.51509493,0
2.46002475,-0.13651046,1
-0.55028914,0.15896557,1
0.09693193,-1.22268189,1
1.34237895,-1.93979080,1
-1.45605236,1.05774245,0
-0.34861077,0.35905688,1
-0.69957672,1.56070257,0
-1.38405701,1.59563728,0
-1.38632039,0.55538051,0
-1.65636150,0.29586161,0
-0.10685954,-1.07239842,1
1.15082160,-0.53096403,1
-1.54408200,0.23959000,0
-1.70566865,0.10293451,0
1.88190403,0.07816223,1
0.00320590,1.31149536,0
0.17168022,0.46025808,0
-1.24210460,1.40684423,0
0.36965248,-0.24837101,1
1.49135070,0.16809535,1
0.49699300,0.94055351,0
0.43168020,-0.62718672,1
-1.05356634,1.36058625,0
-0.69178922,0.59944012,0
1.05487031,0.81701731,1
-0.81689909,0.72290137,1
-0.79746296,0.96512679,0
-1.40046248,1.08508083,0
0.26740925,-0.23837433,0
-1.44634930,-1.24405395,0
0.40878238,-0.99712647,1
0.14737314,-1.72029837,1
0.40885708,-1.04941144,1
-1.37710398,1.00045641,0
1.08282350,-1.86968306,1
0.55174153,-1.45232861,1
2.16689424,-0.00953813,1
0.79858927,-1.38828147,0
-0.43943983,-0.77429112,1
0.71283344,-1.10637607,1
0.53607066,0.64038743,0
-0.30813003,0.75426094,0
-1.49883590,-0.02868229,0
-1.11657650,1.86144033,0
1.08292215,-1.84119376,1
-0.19759116,1.68632531,0
-1.70832648,0.67621723,0
-0.41725855,-1.24830387,1
-0.26398957,-1.16896358,1
-1.90829737,0.54479816,0
-0.07237400,-0.25796258,1
1.52185017,0.01616123,1
-0.09779521,1.20778987,0
-0.45084799,-1.56627247,1
-0.75546379,1.33037884,0
-1.23722311,0.38780124,0
0.59193700,-1.70304078,1
0.08345293,0.81930288,0
2.17272291,-0.36885344,1
-0.97977583,1.41320278,0
-0.03915150,0.76871266,0
1.61517760,-0.21110891,1
0.75100098,-1.36612409,1
-0.32708547,-1.15567183,1
0.33436554,-1.37802894,1
0.45687035,-1.62691246,1
1.39241901,-0.53512894,1
0.33279391,0.22835469,0
-1.43964759,-0.90355047,0
-1.75012805,0.21092319,0
-0.28697547,-0.36330902,1
0.42621987,-1.34353198,1
-0.82252593,0.88693443,0
0.39257591,-1.06886488,1
0.43683185,0.25742870,0
1.69057719,-0.41493030,1
0.14314509,-0.57107280,1
-1.48645592,0.67691787,0
0.20079445,-0.12433605,0
0.94179627,-1.33690006,1
1.71509725,-0.44163471,1
-1.54814782,0.32382829,0
1.15724133,-1.47379691,1
0.50121861,-0.02461668,0
0.47592198,1.52545887,0
-0.14793099,1.09205567,0
-0.40672997,0.85086789,1
0.82759489,-1.03163672,1
-1.21510712,1.10495293,0
0.48309611,0.32490663,0
0.36617454,-0.43408754,0
1.83885332,0.51259524,1
-1.07101752,0.69546316,0
-0.06748789,-1.00016532,1
1.42521293,-0.76696876,1
0.25856839,-1.67440290,1
1.31252416,0.59756841,1
1.10345266,-0.47446144,1
-0.31201369,0.39093614,1
0.18995051,0.70675390,0
0.43220357,-0.89925148,1
0.11302900,0.61737273,0
-0.32761457,0.51347169,0
0.85659723,-1.43518389,1
0.11042814,-1.32135335,1
0.06288680,-0.63306481,1
0.62161484,-1.23502790,1
-1.28155884,1.01000996,0
-1.55672326,1.02776036,0
1.32943795,-0.20025783,1
-1.39454632,0.89038568,0
0.48782306,0.86493869,0
-1.15299637,1.14551443,0
1.40562777,0.42171041,1
0.28473153,-0.51903782,1
-1.14411662,1.34661142,0
-0.78461089,0.49055879,0
1.36130876,0.01401708,1
-1.42134273,1.13551258,0
1.50635074,0.21190680,1
-0.40340400,1.22752998,0
0.01234962,-0.48911140,1
0.66326504,0.90298059,0
-0.32355707,0.18131420,1
1.46641846,-0.89056651,1
0.02125040,-0.71382697,1
0.04639504,0.07326531,0
0.30773435,-1.13419191,1
0.47590034,0.71229996,0
-0.44353190,1.10709270,0
-0.97998113,1.03169084,0
-1.28560327,-0.33631000,0
-0.67567885,-0.59715542,1
-0.30177632,-0.67552220,1
1.30821390,-0.80136168,1
-1.24092049,0.53396147,0
1.84016085,0.29034177,1
1.61859851,0.32165378,1
-0.08836775,-0.90329435,1
0.39603691,-1.05979859,1
-1.21867186,0.07151456,1
-1.39462615,0.33891102,0
-1.37938510,0.52938460,0
0.22817946,0.13168710,0
0.18017200,0.40131372,0
1.73393578,0.39039044,1
-0.82267296,1.68366904,0
-1.41619161,0.75592237,0
-0.50062007,1.43998523,0
1.22588408,-0.90425542,1
1.36901356,0.88078145,1
0.35894337,0.64707232,0
0.64789326,-1.77017618,1
0.26451547,-0.18959041,0
1.73128090,-1.09327424,1
1.66844483,-0.34929039,1
0.02110899,-1.77202627,1
0.00409987,-0.63648006,1
-0.00876032,-1.70110960,1
-0.01736894,-1.49176327,1
-0.45207852,0.76355365,0
-0.70078645,-1.17320226,1
0.17311427,-1.45684581,1
0.91833919,-1.01991241,1
-1.37816440,0.56362891,0
-0.16631791,1.25261673,0
-0.26636592,1.92275244,0
-1.80278257,0.81951261,0
-0.05193252,0.38539650,0
-1.73269269,0.17450320,0
1.71409581,-0.76324576,1
-1.42390969,-0.98198846,0
0.80823251,-1.53986281,1
-1.27715655,1.61986863,0
0.21605449,1.13415651,0
-0.39034407,0.59801283,0
1.73365352,-1.17764961,1
-0.44877521,-0.81694868,1
0.31098825,1.87269021,0
0.52828503,1.12533045,0
1.77615323,0.90606347,1
-1.51118839,0.99882249,0
-0.58423212,1.12370353,0
0.72583393,-0.89946474,1
-1.16848901,0.40921105,0
1.41372715,0.16988045,1
-0.03518882,0.18057984,1
-2.13921412,0.08608391,0
-0.06657709,1.04998967,0
1.51632958,0.14615353,1
0.69517028,-1.27511741,1
-1.43990542,1.08192336,0
1.61182029,-0.04302845,1
-0.40723751,0.11406924,1
-0.32617894,-0.01452513,1
0.46856330,0.35330227,0
-1.78035431,-0.38497420,0
2.08562971,-0.68007665,1
1.37513067,-0.00666623,1
-1.58557244,1.19332042,0
1.76180906,-0.75746031,1
0.61211770,-1.32095418,1
0.41787708,-1.47366182,1
0.65923984,-0.19126843,0
-0.71403322,1.79539180,0
-0.59400403,0.91244056,0
0.71910597,-0.39962483,0
1.54790006,0.48258702,1
1.25463877,-2.33776375,1
-0.00893030,-2.15262996,1
1.50987128,-0.61876930,1
0.42524707,0.48658935,0
0.24295912,-1.09301583,1
0.58710003,-1.84065461,1
1.10595757,-1.12695193,1
-1.45820262,0.46345065,0
-0.14540248,-0.20133459,1
0.98275497,-1.43439639,1
-0.37872860,1.68050701,0
0.43466638,0.28642815,0
-0.96865323,0.38155274,1
-0.31300326,-0.49830015,1
-0.83993699,1.63625257,0
-0.94448645,1.22042208,0
1.46584106,-0.36733215,1
-0.37239959,1.70608768,0
-1.27269151,0.59448851,0
-0.29282010,1.50915887,0
0.77332329,-1.89718648,1
0.64161364,-0.51022613,0
-0.15590892,1.70033122,0
-0.65248861,1.62439512,0
-0.47038047,-0.41534401,1
-0.85312467,0.95956576,0
-1.14370643,1.42466843,0
-1.69685808,0.02463434,0
-0.39618098,-0.07805225,1
1.64288732,-0.34348986,1
0.23813026,-0.69798534,1
-0.58197015,1.42572815,0
-0.03820013,-2.23427223,1
0.71311991,-1.64794963,1
0.05654292,1.59894426,0
-1.44932636,-0.40834051,0
-0.40604921,-0.12936980,1
0.63661817,-0.05768005,1
0.90542665,-1.21048572,1
-1.67731861,-0.55537549,0
0.17813283,-1.09911693,1
-0.57749877,-0.93524749,1
-0.62485415,-0.02375499,1
-0.74515543,-0.94347119,1
-0.65807929,2.03138246,0
0.25152802,-1.65469956,1
-0.06813646,-0.32212260,1
0.80369279,-1.73832176,1
0.26016123,-1.52066191,1
0.28105783,-1.29077953,1
2.01706361,-0.77990162,1
-0.90092032,0.69287374,0
0.77521436,-0.74228214,1
0.66616870,-1.58189826,1
-0.36055910,0.27613574,1
1.06363554,-0.27165209,1
0.39327836,-0.76585776,1
0.30671727,-1.23440407,1
1.10146565,-1.92934507,1
-0.50525589,-0.70862384,1
0.73201569,-1.64093351,1
-0.20967131,-1.01049668,1
0.79408521,-1.08957183,1
1.51022653,-1.51821838,1
-0.98608831,0.00970241,1
1.60458024,-1.62905233,1
-1.13067381,1.18945159,0
0.06100512,-0.21728530,0
-1.79265330,0.78692545,0
0.02812892,-1.24339872,1
-1.28329088,0.24069612,0
-0.63091536,0.77957335,1
-0.05565896,0.17467223,0
0.97329182,-0.25277517,1
2.02991331,-0.13421943,1
-0.59820390,0.90473702,0
1.10381929,0.32198994,0
-1.08762510,0.21651996,0
1.57305772,-0.16719726,1
1.19447243,-1.44473287,1
0.01934053,-0.45016619,1
-0.39949083,-0.08955736,1
0.53417703,0.96323026,0
-1.08742648,0.83666862,0
1.65273736,0.59204854,1
0.03810033,-1.56506814,1
-1.38338814,-0.73906407,0
0.95247674,-0.69630039,1
-0.91019512,0.73487623,0
-0.67935200,0.42294989,1
-1.35998806,0.72143598,0
-1.08605696,1.07360397,0
-0.56970273,-0.39359328,1
-1.96717880,-0.21142471,0
-1.37528008,1.35819394,0
0.25723188,-1.27084646,1
-2.03542787,0.09173357,0
0.05954895,1.29070787,0
0.38317113,0.03753510,0
-0.62822533,1.60749547,0
-1.70709956,-0.33666443,0
-0.96514548,0.88791825,0
0.01797911,0.64321743,0
1.15348911,0.12209442,1
0.89344598,-1.48037793,1
-1.86014442,-0.37472775,0
0.15130863,1.31952832,0
-0.22730156,1.93285445,0
-1.81160053,0.80567037,0
-0.50234666,0.01824715,1
1.41941601,0.25203477,1
1.42791908,0.13953337,1
0.09007169,1.49538979,0
-1.27112315,-0.29668153,0
0.35414398,0.64449572,0
0.66474847,-0.94813056,1
-0.36735572,-0.49184764,1
-0.32336139,0.18648068,1
-0.35530400,-1.53924067,1
0.03323792,-1.56411872,1
0.38341295,1.71341540,0
1.24608517,-0.42031876,1
-1.88001925,0.06794709,0
-0.13517833,-1.17763558,1
-0.79710170,0.32305325,1
-0.91226281,-0.15868958,1
1.39192927,-0.17259707,1
-0.76433377,-0.41897956,1
0.25515446,1.63825800,0
0.47784493,-0.97081916,1
-0.09477949,-0.49212158,1
0.56544868,-1.12559511,1
1.39165692,-0.49180694,1
1.21017507,-1.49875968,1
0.19423992,-0.65929320,1
-1.47870115,0.42527429,0
-0.81047447,1.05880518,0
-1.60023556,-0.08633962,0
1.65755984,0.28730621,1
1.30648341,-0.35692347,1
1.87748786,-0.45544766,1
0.12083278,-1.03854427,1
-0.02358754,-1.56909946,1
0.77915575,-1.21976983,0
-0.26148549,0.45604193,1
0.69057928,-0.18210241,0
1.51381285,-0.29031390,1
-0.00852761,-0.45858710,1
-0.51365724,-0.94133927,1
1.51087787,-0.86234500,1
1.58683427,-0.86406080,1
1.17527057,-0.71788963,1
-1.14529460,0.34230886,0
0.03767138,1.39489986,0
-1.05854007,0.82691226,0
-0.91171231,2.12482661,0
-0.93426754,0.33330309,0
-1.45799480,1.53234883,0
0.16647192,0.51952268,0
1.33359676,0.02656261,1
-1.63842546,1.25989242,0
0.89292177,-0.71169503,0
1.31630438,-0.29139929,1
-1.77933443,0.96864938,0
1.42679446,0.21845487,1
-1.49798858,0.20381655,0
-0.95969713,0.58943259,1
0.71547407,-1.13146136,1
1.10603230,-0.47001993,1
1.08685308,-0.66404972,1
0.67314557,0.53118530,0
0.71413239,-1.45969363,1
0.39584736,0.42084248,0
-1.15911568,1.20734091,0
-1.87862122,0.68223308,0
-1.60611811,0.58407190,0
0.31800132,0.57927187,0
0.67857631,-1.46183118,1
-0.29402983,-0.40262820,1
0.42037262,-0.73758628,1
0.99891179,-1.05175715,1
0.25254504,0.58133485,0
2.04079613,-0.05706934,1
0.81632694,-1.45115161,1
-0.63766735,0.67767057,0
1.60566475,0.04340671,1
-0.21518944,-1.48852604,1
0.53830592,0.46817523,0
0.02965233,-0.86550942,1
0.08696122,0.65319169,0
-1.96172115,-0.10046356,0
1.38106559,-1.26872601,1
1.88524466,-0.79021056,1
-1.77395782,0.69620569,0
-1.27375760,1.65490283,0
0.66051913,1.06336934,0
0.27193627,0.69654321,0
-1.66745359,-0.30752877,0
0.49271865,-0.36436046,0
-1.04649069,0.72618943,0
-0.83999763,1.43438790,0
-0.14291615,1.27140641,0
0.23166154,-1.66046324,1
1.10472511,-0.10112781,0
0.83938364,-1.00246531,1
0.78041079,-1.43352164,1
-1.22825000,0.18104872,1
-0.57350961,-0.62215702,1
0.73265936,-1.28312724,1
1.00807336,-1.23977516,1
-1.83325050,0.78159038,0
0.16214161,0.43222588,0
-2.05397929,0.30746905,0
-1.21545081,1.41027850,0
0.55787374,0.13812108,0
0.71330520,-1.26544258,0
0.97854542,-0.10002380,1
0.50137026,-1.12519072,1
1.48148399,-0.73883016,1
-0.67145890,-0.31040597,1
-1.39830501,1.42930668,0
-0.51405798,-0.16839232,1
0.65079531,-1.38198358,1
-1.16009055,0.29242008,0
1.25720399,-1.02145987,1
0.57818888,0.53231694,0
2.05392760,-0.33402170,1
1.32854149,-1.14261369,1
-0.57870018,2.36374114,0
1.37963952,0.14900740,1
0.37720973,-0.23554123,0
-0.58050644,-1.41067809,1
0.09914771,-0.22272947,0
0.93950101,-0.20415731,1
0.95384025,-2.06314501,1
0.13893653,-1.66424257,1
1.22273916,-1.53547043,1
0.27062812,-1.92143898,1
1.08725464,-1.26183181,1
-0.79153319,1.18748253,0
-0.57033225,0.21332555,1
-0.10730726,1.83779429,0
-1.81665414,-0.25469570,0
1.76334295,-1.25027628,1
-0.21363299,-0.47507416,1
1.70275542,-0.58000124,1
-1.34274150,-0.07127978,0
-1.68758466,0.26702846,0
-0.50173697,0.89693370,0
0.93692441,-1.32259887,1
-0.66616905,0.74045828,1
-0.73425709,-0.69283447,1
0.28301418,-1.34099413,1
-0.83413704,-0.15420700,1
1.13155469,-0.40773180,1
-0.55716760,-0.36270674,1
1.07431355,-1.77218053,1
0.40393305,0.00911305,0
-0.53448555,-0.26371495,1
-1.26297420,0.80694687,0
-0.53182272,-0.79762678,1
0.24829928,0.20480942,1
1.62820989,-0.22953086,1
-1.31750714,1.95869271,0
0.88759974,-2.40349022,1
-1.40737238,0.98084964,0
1.21632703,0.07552027,1
-0.28396307,1.68994915,0
-1.33129476,0.06606532,0
-1.49506427,0.12380291,0
-0.26149620,-0.90137931,1
1.50725231,-0.62198097,1
2.03423286,-0.29040696,1
-0.85348909,0.85867137,0
2.46758403,1.24815632,1
-1.36133920,0.15135958,0
0.78240980,0.21451967,0
1.61249369,-0.87814950,1
-0.33261533,-0.63586460,1
1.38944347,-1.20253004,1
-0.27004157,1.68254362,0
0.17296981,0.30701705,0
-0.31829382,1.89322902,0
1.31345706,-1.27997218,1
1.38481422,-0.56739164,1
-0.05128078,-0.88761322,1
0.00623268,1.25979202,0
0.34639793,0.23959401,0
-1.51409258,0.18345496,0
0.18904858,-1.06592982,1
-0.03023367,1.34300146,0
1.48278191,-1.39443894,1
0.65257832,-1.16210942,0
0.00199634,-1.21684308,1
-0.26246260,-1.35182151,1
0.27833771,0.80509321,0
-0.64316433,-1.02442477,1
0.83806528,-0.00362942,0
-0.83603619,0.86211792,0
-0.46537280,1.51593246,0
0.95198085,-1.38219605,1
0.21973864,0.91496523,0
-0.78154538,-0.17223237,1
1.39962084,-0.84521965,1
-0.07786378,-1.68316174,1
-0.98155644,0.76395568,0
1.03944497,-1.28113077,1
-1.84923079,1.18085883,0
0.53958237,-2.27707391,1
-0.56298712,1.98336299,0
-0.30233586,0.10832580,1
0.25127697,-1.45561060,1
-1.16853299,1.72515670,0
0.20086197,0.87738887,0
-0.56639476,0.37444395,1
1.41286972,-0.88531702,1
-1.07143357,1.65518607,0
-0.73666526,-0.17332283,1
-0.56160416,1.44286479,0
-0.44360864,0.27727247,1
-0.79569023,-0.36907224,1
-0.88616992,1.30688539,0
-0.05717084,1.27729182,0
1.04658189,-1.25436023,1
-1.02366109,1.25691377,0
0.96867071,0.09592922,0
-1.23546512,0.56007936,0
1.41522890,-1.00903974,1
-1.63278394,0.16565689,0
0.01392351,-0.45908897,0
0.18321949,-0.93584034,1
-0.21277658,0.51810613,0
-1.49770821,1.41344609,0
0.77879552,-1.30853370,1
0.63417518,-1.33965425,1
0.70543464,0.44201285,0
-0.02953789,1.51370331,0
-0.72227722,-0.10938524,1
-0.73301724,0.96792354,0
0.67549619,-1.08833895,1
-1.72443987,0.14467796,0
1.31168798,-0.37028212,1
-0.31117463,0.34088662,1
-2.12982869,0.41863030,0
-0.87367881,-0.56054802,1
-1.87048754,0.04953312,0
-0.76340457,1.03404689,0
-0.07444753,-0.90072594,1
1.70895722,0.45493419,1
0.05454244,-0.33103439,1
0.49262018,-0.98163929,1
-1.05467670,1.00493840,0
-0.47842765,-0.57590502,1
-1.21929725,0.35221365,0
-0.01818897,1.72970826,0
-0.24608162,0.97030873,0
-1.97222416,0.73800529,0
1.28937157,-1.30521062,1
1.04417203,-0.62884617,1
-1.43705694,-0.95189529,0
-1.71380474,0.68675252,0
-0.58167886,0.07250961,1
-0.22441568,-1.12328192,1
-1.92083016,-0.18964738,0
0.79207427,0.47809809,0
-0.22677117,-0.38500630,1
-0.45129981,0.70868120,0
1.79791423,0.08265791,1
-0.73209398,0.11382008,1
1.35585320,-0.61731660,1
-0.02643109,0.82634960,0
0.92811054,-1.75803023,1
0.69095314,0.00398526,0
-0.82750318,1.77496109,0
0.60713239,-1.40975382,1
1.42814084,0.59182965,1
0.93160667,-1.04165844,1
-1.30295341,1.26357083,0
-0.96021759,1.29850880,0
-1.32689595,0.27829432,0
0.06887391,-0.64315820,1
1.45765783,0.17718824,1
-0.19198415,-0.94667966,1
-0.17649662,1.09934158,0
-0.67611753,0.89756297,0
-0.97170528,1.10205697,0
0.02497935,-0.63567754,1
-0.55431947,1.30005833,0
0.97091906,-0.80339500,1
2.30301617,0.23863365,1
0.55192605,-1.48048947,1
1.17712775,-0.92513495,1
0.86413523,0.40584889,0
-0.43370597,1.23562575,0
-0.08637594,1.21341726,0
-0.94531694,0.97671850,0
0.49462693,0.23809585,0
-1.61728615,0.60724319,0
0.10116353,-1.35330207,1
-1.03773155,1.83394440,0
0.75164265,-1.06933956,1
-0.42372238,1.52031993,0
0.47151485,0.14959964,0
2.00001596,-0.49036965,1
1.47977599,-0.88971805,1
1.49099754,-0.78346213,1
-1.58905217,0.24429268,0
0.35506583,0.45581500,0
-0.40896136,0.46941631,0
-0.65915850,0.44895626,1
0.21516783,-0.57504825,1
0.01562807,-1.05382382,1
0.42382340,-1.87077320,1
0.25031280,-1.03884293,1
-0.37934732,0.01190816,1
1.36743596,-0.69382123,1
-0.66922643,0.77006663,0
1.62146926,0.08532336,1
-0.10558247,1.28751258,0
-1.52074321,0.36390205,0
0.30922336,1.04032148,0
-0.22679669,-1.21322103,1
-1.54865760,-0.53462149,0
0.03648787,1.13879667,0
-0.79301628,-0.92104295,1
-1.36089713,0.87276261,0
1.33669031,-0.91031508,1
1.51339020,0.05166714,1
-0.24334769,-0.61780861,1
0.10308928,0.17954592,0
0.97908851,-0.43115034,1
-1.42542127,0.68151242,0
-1.76801854,-0.99150738,0
-1.41931317,1.29440925,0
-0.17102558,1.33015395,0
0.63116010,-0.53974477,0
-0.34695565,0.53354024,0
0.41439112,-1.36058489,1
0.80641413,-1.14503097,1
0.05989752,-0.66754537,1
1.08551529,-0.18939299,0
-0.32711517,0.67653642,1
1.92162326,-0.91142300,1
-1.64584625,0.75334223,0
1.48592116,0.33273287,1
1.86432502,0.58671033,1
-1.06834291,0.47530043,0
-0.58693583,-0.58110671,1
0.00594697,0.62680368,0
-1.62097492,0.70627268,0
-1.92452301,-0.46162980,0
-0.24784464,-0.74632158,1
1.11387379,-1.92543976,1
-0.10249207,-0.86562950,1
0.78408987,-1.14602178,1
0.05973786,0.89740610,0
-0.33874307,-2.09287531,1
1.27404847,0.27284447,1
-0.62260978,0.09629216,1
-0.73027751,1.50378558,0
0.55020941,-0.39462018,0
0.82642708,-0.95785974,1
-1.64478450,-0.05237326,0
-0.10637093,2.10485995,0
-0.75849814,0.38841119,0
0.96564525,-1.49355500,1
2.04967169,0.22300647,1
-0.37019928,0.85567133,0
-0.73998740,-1.03463468,1
1.17060744,-1.29573236,1
0.56555499,-0.89429866,0
-1.06263448,1.68512742,0
-1.59279620,0.10206473,0
1.14610396,-1.64492190,1
-0.03219929,0.41144953,1
-1.56816147,0.80925448,0
1.79736348,-0.43665614,1
-0.45399953,-1.81757045,1
1.51545160,-0.58508146,1
0.23550210,-0.20148844,1
-0.78119748,0.02417066,1
-1.05847684,0.05325264,1
-2.07331591,-0.51260702,0
1.11881094,-0.47938525,1
-1.85472648,0.19867958,0
-1.16460240,0.88635295,0
-0.06404753,-0.95626219,1
-0.10845919,1.25215808,0
-0.35542070,1.47796326,0
0.67401791,-0.85993567,1
0.19062200,-1.36502998,1
-0.53771595,0.06603921,1
0.20850605,-1.41702727,1
-0.56626211,-0.57561014,1
1.50574776,-0.18389240,1
0.70130455,-2.30843817,1
1.01494951,0.20450120,1
-0.34655062,0.88135885,0
0.95465524,-0.99653410,1
-0.45278006,1.31840270,0
1.53806733,0.04673417,1
0.22764412,-0.61867519,1
0.18839307,-1.21541345,1
-1.14527152,0.87319269,0
1.71124127,-0.16000684,1
-1.14055414,1.36560572,0
0.96903945,-1.22446661,1
-0.82974255,1.85639558,0
-0.01415504,-1.61168826,1
-1.47110985,0.28031460,0
-0.68919925,-0.31544770,1
0.39849922,1.73527237,0
0.64981829,-0.32145221,0
-0.16061003,-1.08978468,1
0.19025201,-1.12634973,1
0.60009524,-1.03166089,0
-0.10903725,1.09089553,0
1.92698697,-0.38484769,1
-1.97866320,0.82493958,0
0.46735884,0.47949328,0
0.98180459,0.40449288,0
-0.15730276,-0.55963726,1
1.36780806,-1.04715741,1
0.48726501,-1.58032408,1
0.12219703,-1.04490044,1
0.35827826,0.27923013,0
-0.53809522,1.73930315,0
-1.89328527,0.88967398,0
1.40333241,-0.36845608,1
-0.50893485,-0.39522304,1
0.88439401,-0.68141771,1
1.92095766,-0.34062112,1
-0.22558870,0.11316422,1
-0.35126906,0.88319790,0
-1.38730540,0.49776798,0
0.58938781,-0.80178604,1
0.44944321,-1.86586913,1
0.83046623,0.40341081,0
-0.00070309,-0.57208231,1
0.01976685,1.27596036,0
1.48980691,0.00021943,1
-0.48419225,1.59532107,0
-1.04658746,1.50127427,0
0.65442238,1.08888546,0
-1.42199444,0.28866797,0
0.31613630,1.34584989,0
-0.34632264,-0.34311614,1
-1.37647376,0.62762565,0
0.70852438,0.16024486,0
0.78075640,-1.47415608,1
-1.86158167,0.15712240,0
-0.82808181,1.44696721,0
-0.62109458,-0.15847390,1
0.77679917,-0.63635119,1
1.55059766,-0.93632836,1
0.10880693,1.29241934,0
0.57456345,-1.81262822,1
0.74693538,-1.76796867,1
-0.29804541,-0.75640453,1
-0.18612515,1.48056911,0
0.14522350,-1.38694190,1
1.01695826,-1.19994991,1
-0.66363616,1.24142830,0
-1.00815541,1.35286668,0
-0.29769399,-0.49776887,1
0.45605375,1.03922025,0
1.79829294,-0.79628767,1
-0.71744122,2.07052590,0
-1.28279159,1.51307564,0
-0.04946183,-1.93415479,1
0.08986055,0.30665086,0
0.36027616,1.04734323,0
0.55568748,-1.77435171,1
-0.81485188,0.36565875,1
0.76138600,-1.00712485,1
-1.66586320,-0.54845176,0
-0.50899298,0.31017007,1
-1.10973104,1.08922792,0
0.09079467,-0.98792477,1
-0.87887963,1.51042960,0
0.57816912,-0.80556226,1
-0.56258666,0.44734429,1
-0.88429010,1.95576647,0
-1.23927976,1.04187576,0
0.02842673,0.54494793,0
-1.74064780,-0.60845083,0
1.48583078,-1.48535397,1
-0.12265364,-1.30523528,1
-1.55015480,-0.62706133,0
-0.04154173,2.01433634,0
0.83126726,0.06067990,1
1.44698303,-0.69881432,1
-1.65290660,0.03283410,0
-1.36023954,0.42505533,0
0.24297171,0.70553197,0
-1.04429413,0.74754914,0
-0.14209777,-0.01813393,0
-0.06816472,-1.65904131,1
-1.54189489,-1.03107424,0
-0.21085301,0.76519278,0
1.27725049,-0.69613124,1
-0.94683716,0.60189845,0
-0.92008422,1.26455987,0
-1.55116137,0.41965117,0
1.10369888,-0.77068852,1
-1.51647578,0.52286169,0
1.15373433,-0.14700320,1
-2.04502280,0.45553750,0
1.16714712,-1.39746094,1
-1.26832794,0.86498118,0
-0.47170023,0.08665987,1
-1.51661930,-0.25906297,0
-1.59678684,0.46897975,0
1.30170987,-1.05583472,1
0.16990133,1.12184135,0
1.47443159,-0.96795283,1
-0.15598932,1.30959336,0
1.98416768,-0.01336556,1
-0.83493848,1.22944420,0
0.32662359,0.74537484,0
-0.17760340,-0.65547493,1
-0.97891919,2.16925157,0
-1.88177775,1.19085903,0
-1.09847002,1.33467197,0
-0.73332483,0.48989162,1
-0.61696508,1.41045207,0
0.75667628,-1.54485069,1
-0.23988127,-0.49237213,1
0.94007955,0.03577294,0
0.47151647,-1.08328134,1
1.17117592,-1.23949478,1
-0.17746395,-1.45337359,1
-1.65315991,-0.19889878,0
1.23328193,-0.84331896,1
-1.52995278,0.26139615,0
-1.38861248,1.31107584,0
-0.08954297,-0.11514475,1
0.65432876,0.50132114,0
-0.41587115,1.70515224,0
0.70543363,-1.37129151,1
-0.14636813,-1.03151851,1
1.64091527,-0.52078930,1
-0.35504305,1.44496892,0
-0.49929565,-0.73872275,1
-1.01093129,1.12501797,0
0.39122403,1.25598120,0
0.34428325,1.36062234,0
0.69998504,-0.73391973,1
0.64504343,-0.36413707,0
-1.80837308,-0.03344590,0
-0.40131469,-1.15399924,1
-0.41864906,-0.54835068,1
-0.71498172,-0.96322482,1
0.31562360,-0.85298894,1
-0.59104697,0.91435556,0
1.54974206,0.23251020,1
0.64118848,-2.29353064,1
-0.18672688,-0.49372533,1
-1.58554287,-0.73234259,0
0.01453260,-0.65209944,1
-0.42076718,-0.28425270,1
-1.56949864,0.14516441,0
1.53732664,-0.91598011,1
0.26801174,-0.06481666,0
-0.20045124,-1.30504360,1
1.01176934,-0.92541678,0
-0.40197311,-1.06113744,1
0.64115700,-1.76420389,1
1.08040408,-0.50746405,0
1.20409997,-0.60404797,1
1.57834084,0.53038621,1
0.73934556,-0.57843746,1
-0.66629008,-0.10357238,1
0.01551831,1.03345058,0
-0.07971004,0.60289749,0
0.04090193,-0.31439740,1
1.26849367,-0.85199514,1
0.15698657,-1.31817919,1
-0.30318000,1.87843674,0
-0.28121446,1.46111921,0
-1.23458522,0.68167220,0
1.33891457,0.27398610,1
1.06738461,0.56212811,1
1.23512698,-0.06122014,1
-1.85678133,0.35493478,0
0.66758973,-0.56811238,1
1.31782627,-0.34016537,1
0.16442220,1.14711372,0
0.57321867,-0.19626269,0
-0.51287519,0.32056201,1
-1.15337609,1.30712198,0
1.60204147,-0.43231058,1
-0.23100402,-0.64982963,1
-0.07157498,0.52682262,0
-1.99990650,-0.21286250,0
-0.88774642,0.71743090,0
-0.58651958,0.69663908,0
-1.29442541,1.59663571,0
0.14686775,-0.18280504,1
-0.83631855,1.84686536,0
-1.39825002,0.94658241,0
-1.54507133,0.58170729,0
0.48579915,-1.42077304,1
1.29055624,-0.92648063,1
-1.57613866,0.61719527,0
-1.04109587,0.62402857,0
1.23783419,-0.34402313,1
0.28384997,0.69215653,0
-1.29081556,0.87942442,0
-0.34729977,-0.99225312,1
-0.87913284,1.19168441,0
1.59093800,-1.60723279,1
2.19709150,0.42352255,1
-0.66175929,1.64468532,0
0.73311804,0.30899357,0
0.03827898,1.32412067,0
-0.56112389,-0.56097978,1
-0.41307911,0.42167441,1
1.50346750,-1.25738880,1
0.67925792,1.39210013,0
-1.07073987,1.09215189,0
1.39507963,-1.31251890,1
-0.04250909,0.96118208,0
1.97425782,-0.23847847,1
-0.44235874,-1.21397649,1
1.26234380,-1.22106382,1
-1.48743353,0.12404486,0
-0.54714478,-0.02288856,1
-1.36811841,1.20850901,0
0.53780836,-0.09525225,0
0.43183612,1.20706813,0
2.05432636,0.37199287,1
0.00969188,1.46034962,0
0.14375985,-1.02828606,1
0.85750559,-1.07703285,1
1.38611791,-0.66864021,1
0.70193817,-1.88563719,1
-2.02469105,-0.47052293,0
0.15560583,1.24183642,0
-0.15876740,-0.25360793,1
-1.93136155,0.22822628,0
1.26625761,-1.33043511,1
-0.81109877,0.83381583,0
-0.22445988,-0.18435858,1
0.60256320,1.20279173,0
1.48140764,-0.28178654,1
0.00668355,1.53007482,0
0.27194640,-0.11888285,0
-0.40726741,-0.42825930,1
0.64825950,-0.32770203,0
0.65861710,1.00802402,0
0.42100100,1.09588733,0
-0.04706543,-0.62727311,1
-1.42590215,0.31289489,0
-1.29304727,-0.93923138,0
-1.93504298,0.48675816,0
1.30423737,-0.19298461,1
0.80533568,-1.24277144,1
-0.47101108,1.22465222,0
-0.66963275,0.22823435,1
-0.07469270,-0.71828005,1
-0.30611392,0.62926233,0
-0.49820086,1.34805933,0
0.54720126,-1.34580652,1
0.60262555,-1.14782689,1
-1.44555325,0.44043467,0
-0.40456501,0.32663910,1
1.37115858,-0.31088013,1
-0.28390917,-0.25742481,1
0.58541662,0.14385021,0
-0.56822579,-0.45753485,1
1.32710122,0.69711159,1
-0.99495261,2.30179415,0
1.35598624,-0.63025136,1
0.76329330,0.25511395,0
-1.02824592,0.91522833,0
-0.82979103,-0.88022133,1
0.16610825,0.82633451,0
-1.30782787,1.44202213,0
-1.62769713,-0.17413713,0
-1.27937993,-0.42428563,0
1.21475599,-0.69180378,1
-1.22368206,1.01615174,0
0.14468756,-0.60857527,1
-1.32782485,-0.75019431,0
-0.18492735,0.91943064,0
0.02886328,-0.33980635,1
-1.42041032,1.31488833,0
-1.88184172,0.52203457,0
0.06808922,0.83587653,0
0.89833551,0.32779133,0
-0.37688893,-0.51585826,1
-0.35132397,1.11021096,0
-2.07121058,-0.79870441,0
-0.00162106,1.38249854,0
-0.22475200,-0.53692866,1
-0.76467774,-0.25043333,1
-1.47151346,-0.72444992,0
-1.53210205,-0.10996065,0
0.20281617,-0.27097829,0
-1.19392412,0.97500444,0
-0.88914095,1.14647213,0
0.29544223,-1.15902739,1
1.75437907,-0.49758270,1
1.84861608,-0.01667408,1
1.80631511,-1.41796828,1
-0.47821944,0.05965627,0
-0.79698903,1.32556527,0
-0.18628273,-2.20236743,1
0.47272637,-1.43146545,1
0.81415848,-1.69383646,1
0.22468643,1.19650844,0
0.45144799,0.10918060,0
2.22315285,0.06993204,1
-1.29275924,0.94321155,0
1.28592997,-1.69067462,1
-0.34047076,-0.55843324,1
-0.13792877,0.28844310,1
0.72288285,-0.05645007,0
-0.39392742,0.80713140,1
1.60084259,-0.01251084,1
-1.01800089,0.12926640,1
-0.31903360,1.25157163,0
-0.70078562,1.00016338,0
0.95767012,-1.05957781,1
0.25471736,0.97566691,0
-0.82308612,-0.20552994,1
0.24161896,-1.03228846,1
1.48581732,-1.02465980,1
-1.76292369,0.78633296,0
-2.19544840,0.39244484,0
0.14641523,-1.53804991,1
0.70580461,-0.84919814,0
-0.87098627,0.13013733,1
-1.12545405,2.00576140,0
-0.44218521,-0.34818860,1
0.11834190,-0.67204651,0
-0.20770029,-1.30972804,1
0.60039873,-0.92616033,0
0.07509274,-1.02999526,1
1.99973550,0.28530492,1
1.88146072,1.03081602,1
-1.68217674,-0.46041467,0
-0.98110072,2.04787324,0
-0.75361436,1.23688828,0
-1.81041004,-0.30330891,0
-0.32487811,-0.47698741,1
1.04317688,-0.04498008,1
-0.34625747,-0.67132702,1
-1.87661571,0.05631057,0
1.97237496,0.46227074,1
0.37247397,-0.75359866,1
-0.18271632,-0.58655179,1
2.04908007,0.74962522,1
0.64782105,-0.95545088,1
0.86263337,0.36710140,0
0.18426067,-0.29444249,0
-0.20384099,0.72390434,0
0.37800244,1.08746404,0
0.37266299,0.82874019,0
-0.47502668,0.47778626,1
-1.66304222,0.18692376,0
-1.33681763,0.44381713,0
0.30480410,-1.36962435,1
-1.94255991,-0.48032793,0
-0.42162327,-0.26062073,1
-0.76522999,-0.12457327,1
-0.66235369,1.18807553,0
-0.91191486,1.17593058,0
0.03359256,-1.00103697,1
1.36470757,-0.82986497,1
-0.92960237,0.78168484,0
-0.17122251,0.56261212,1
1.26464419,-0.28243367,1
-1.27030106,0.74799150,0
0.38713723,-0.91335247,1
0.87470307,-1.14412784,1
0.84642583,-1.39065377,1
-1.95867258,0.90295339,0
-1.35686425,0.40362747,0
-0.35690370,0.26324542,1
-0.37820311,-0.53508853,1
0.31564726,1.33537581,0
0.60252550,-0.23909523,0
-0.29299340,-0.22733869,1
1.64737655,-0.94192213,1
0.19973999,-1.41337420,1
-1.22057485,1.23787737,0
-0.24384513,1.05555431,0
0.29351267,0.59226496,0
0.22801536,-1.51909830,1
1.73272463,-0.68383778,1
-1.37055678,-1.34392459,0
-0.81054656,-0.04837660,1
0.63504385,-0.01647426,1
1.70490928,-0.14199808,1
-1.58847740,-0.93169288,0
-0.19815566,1.24008156,0
-0.12869130,2.06555966,0
-0.13264054,1.17258728,0
-1.28714432,1.39327819,0
0.21955911,-0.73011603,1
-0.05591832,-0.79269868,1
-0.57867976,1.06342033,0
0.80189554,-1.54618940,1
-0.45770124,1.70475462,0
1.84636206,0.80776841,1
0.30580658,-1.31078519,1
-0.97501908,1.50042089,0
0.44996229,-0.70259654,0
1.75879490,0.62263677,1
-0.01176559,0.59748701,1
0.38578249,-0.84748899,0
1.35186805,-1.00816682,1
-0.34670724,1.48504034,0
0.37869349,1.29922963,0
0.69919552,0.19987611,0
-0.54961585,1.21514050,0
0.87925292,-0.27310870,0
0.35863420,-0.21069511,0
-0.31780996,0.88520058,0
-0.66626912,1.29221218,0
-0.38996669,-0.05872569,1
1.82997246,-0.13652504,1
0.37014675,1.13428547,0
-0.19874408,-0.14709600,1
1.24541170,-0.42811933,1
1.01391218,-1.15268097,1
-0.34285015,-0.87628941,1
0.80888794,-1.47680291,1
-0.54116596,0.40139156,1
-0.62653599,1.93746011,0
-0.84829611,-0.01605450,0
1.18984296,-0.86977059,1
-0.75114866,1.88122279,0
-0.82938034,0.97764994,0
0.37885463,-0.60178228,0
2.14787736,0.01719441,1
-1.45302305,0.97374860,0
0.01525529,-1.31104086,1
1.31799011,-1.67172310,1
1.44742929,0.04504129,1
0.76447489,-1.39049605,1
-1.36903062,0.03787892,0
2.01660109,0.11928846,1
0.54432507,0.14377603,0
-0.80393976,-0.85795617,1
-0.05454872,-0.17044978,1
-0.81528698,-0.39963070,1
-1.42844773,1.09122690,0
0.33958004,0.98583024,1
0.00150834,-0.35589507,1
1.52518107,-1.27129191,1
0.12657233,-0.84021406,1
1.56089368,0.59993475,1
-0.78384628,0.81745373,0
-1.35926862,0.41265097,0
-0.40626658,1.56184899,0
0.25737889,2.07111448,0
1.04180846,-2.01729228,1
0.70363881,-1.40870471,1
-0.76110558,1.09181072,0
0.13941136,-0.72763403,0
1.61944827,0.20449597,1
0.99195210,-1.96086733,1
-0.14548791,-0.06767051,1
-1.77466391,0.59824080,0
-0.26924189,1.27763796,0
-0.80761423,1.29408776,0
-1.24313012,0.80377697,0
-0.90185784,1.51666780,0
-0.81547173,0.73615535,0
-1.34213412,0.03819000,0
0.16890841,0.96283743,0
0.54972329,1.28728202,0
-1.80986077,-0.44041491,0
1.23080605,-0.57997773,1
-1.77102996,-0.16053663,0
-0.65368440,1.38162817,0
0.01464432,-1.09550062,1
0.27164900,-1.02307775,1
-0.89829147,0.10049965,1
0.86763635,-1.65952006,1
0.98316481,-1.09659186,1
-1.40412727,0.35323536,0
-0.56385187,0.83062424,0
-1.68493101,-0.18859427,0
-0.17499597,1.76847946,0
0.61652259,1.08702102,0
0.18886625,-0.89777791,1
0.87532260,-0.58385653,1
-1.47202374,0.77226862,0
1.24869777,-0.51148589,1
1.30200349,-0.97441367,1
1.63680597,-0.61450238,1
-1.37439022,0.90785019,0
-0.58992482,0.99977910,0
-0.99343427,1.72477189,0
1.55552594,-1.04210116,1
0.10868834,0.71266119,0
0.54530516,0.31023517,0
-0.01153664,0.01654138,1
-0.33744491,-1.11586990,1
0.02225047,-0.46779543,1
-0.37646526,1.10549061,0
0.26500663,-1.92700597,1
0.74153949,-0.29595964,0
0.17971511,-1.84632347,1
-1.10823377,1.21788036,0
0.56830744,-0.74227460,0
-0.70985761,0.52828244,0
-0.71191754,0.23347024,1
0.48105983,-0.73045624,0
0.48890128,-1.38659205,1
1.59408599,-1.50701701,1
-0.24909292,0.22555605,1
0.63222615,1.14174317,0
-0.32183602,-0.88961415,1
1.68386293,-0.53627641,1
0.30595354,-2.11647073,1
0.15676051,-0.08852472,1
0.11544484,-0.28004264,1
-0.80163769,-0.81567981,1
-0.89630960,1.73946677,0
-0.39231069,-0.69998029,1
0.25043261,1.18970043,0
0.15266499,-0.99559506,1
-0.92190071,1.17721161,0
-0.87253330,0.83024680,0
-0.26246090,0.72238832,0
-1.66783587,0.96506598,0
-0.69241618,0.78481857,0
2.05500407,-0.70354629,1
0.15050210,0.18954251,0
0.91045515,-0.57861332,0
0.68623020,-0.72848326,1
0.64279380,-1.77210128,1
0.00762591,-1.93615927,1
-1.23712982,1.82023501,0
1.38202955,-0.83009279,1
0.37288428,-1.30679864,1
-0.32204041,-1.04003317,1
-1.72124350,-0.34588701,0
1.70581250,0.14344235,1
0.25430995,0.93652878,0
-0.87743290,0.75543133,1
1.02318728,-1.22729683,1
-1.45348090,0.94676707,0
-1.40665304,-0.64760995,0
-0.00477758,-1.77165803,1
-2.07796702,0.73187260,0
-0.47126633,1.25806137,0
-1.12030740,0.75115465,0
1.69511637,-1.22527042,1
1.81323957,-0.77955087,1
0.80636009,-1.61885266,1
-0.22401103,-0.67092735,1
0.95396575,-1.39100187,1
1.86105442,0.35041365,1
1.50653419,-0.03203082,1
-0.11033736,1.56883256,0
1.42133948,-1.07648758,1
-0.31121724,0.78689655,0
0.53971193,-0.25637302,0
0.65683918,1.02706269,0
0.65240690,-1.11116899,1
0.54579150,0.14067582,0
0.23480870,0.45163931,0
0.89612238,-1.72030755,1
-0.43383853,1.56217356,0
-0.59535902,-0.93602502,1
1.06455909,-0.29784842,1
0.32784987,-1.22687143,1
-0.89582019,1.05311324,0
0.66196937,0.15243015,0
0.22078206,0.51282682,0
0.52020314,0.30401610,0
-0.86869527,1.49102250,0
-0.61086733,1.38526820,0
0.42270889,-1.63657133,1
-0.40341947,1.23237036,0
1.44242771,-0.82840538,1
-1.40139433,0.47469513,0
-0.19861015,0.73628071,1
-0.90762863,2.03118222,0
-1.57322696,0.64493084,0
0.29553419,-0.14545414,0
0.75571641,-0.96446368,0
0.90551215,-0.71118051,1
-1.65666354,0.66589450,0
-1.34136450,0.67482378,0
-0.26086578,-1.16729110,1
1.42984187,-1.16305839,1
0.05510017,-1.04760700,1
1.75971261,-1.18854012,1
-0.39113480,1.36408946,1
0.48036970,-1.49077005,1
0.29057095,-0.65869099,0
-0.08541274,2.72065188,0
0.53774540,1.07251307,0
-0.07438145,-0.91664309,1
-0.49724947,-1.01173703,1
-1.13808843,0.93321914,0
-0.39689360,0.96894310,0
-0.36505314,0.80649349,1
-1.58842794,-0.02918492,0
0.13498954,-1.25704502,1
-0.00973223,0.54382375,0
1.22841095,-1.36114658,1
-1.89606601,0.91928770,0
2.19301339,0.71775103,1
-1.93507347,-0.41961581,0
1.35338466,0.15194163,1
-0.53134648,-1.64193643,1
-1.24531578,0.48168552,0
1.15589652,-0.07110208,0
0.68744187,-0.13671114,0
0.48224408,-0.20953210,0
0.72343538,-0.72591391,1
1.99002269,0.06001153,1
0.08520229,0.44885194,0
0.64445383,1.18776844,0
-0.71787488,1.60679338,0
1.90378234,-0.23037387,1
0.40605211,0.11714108,0
0.58266842,0.21466249,0
1.75115737,-0.81556360,1
1.61780953,-1.50367681,1
0.93402108,-1.45834969,1
-1.06211867,0.83576236,0
-1.84270038,1.11156321,0
-0.58689921,-0.79947505,1
0.48769562,-0.90074975,1
-1.54104440,0.31171373,0
-0.76120599,2.10319361,0
0.45186679,-1.24524600,1
0.94107812,-0.92630957,1
-0.69782193,1.35905219,0
0.45701881,-1.56203104,1
-0.16736230,0.84377158,0
-0.90555481,0.58268244,0
-1.21045461,0.03859813,0
0.78019728,0.95545077,0
1.57823319,-0.80614596,1
-0.44237050,0.91172581,0
0.85582202,-0.67974426,0
-0.14472676,1.07096007,0
-1.14518916,1.12807582,0
-1.56449283,0.44331141,0
-0.43931876,-0.44901019,1
1.66824431,0.18576605,1
-1.00646734,1.24245143,0
-0.38249835,0.00524781,1
0.85025464,0.92430926,0
-0.26975092,-0.54323348,1
-0.08934015,-0.71032070,1
-0.49443502,1.19641540,0
0.40204372,-0.91109447,1
-1.83533710,0.68987794,0
-1.73557547,0.09423452,0
-0.58902270,1.31563770,0
0.11127828,1.15189907,0
-0.04813606,0.56986455,0
0.04387169,-1.68908711,1
1.23112467,-1.65203526,1
-0.92442810,1.66724556,0
0.23011918,0.71850982,0
1.18672730,-1.52480389,1
-0.19390371,1.93580396,0
-0.54437707,-0.47891447,1
-1.16826183,0.23656099,0
1.11665691,-1.14146991,1
0.54569781,-0.43613471,0
-0.56486725,0.42230298,1
0.38760939,-0.95151805,1
0.84683863,0.67178570,0
-0.43269387,-0.96878254,1
0.48131500,0.32922678,0
1.85111909,-1.13699652,1
1.42753940,-0.52967106,1
-1.30810725,-1.20081414,0
1.08378256,-1.11365357,1
0.56578567,-0.86680598,1
0.46285160,-1.38650436,1
-0.47734506,-0.93714049,1
-0.49943703,1.64408159,0
-0.92682916,1.64077171,0
0.13056638,-0.73591257,1
1.61202023,-1.22449961,1
-0.49024111,1.92074102,0
-1.75577513,0.28466170,0
-0.47214828,1.44191876,0
-0.10462778,-1.10759636,1
-1.00121374,1.18186316,0
-1.82160797,-0.45970360,0
-0.95735628,-0.48661131,1
0.89897937,-1.45878479,1
1.36160827,-0.83900138,1
1.80620258,-1.12832705,1
0.13099714,1.01581122,0
-0.47244362,0.01470977,1
-1.31074521,0.65665657,0
1.76739692,-0.38069050,1
-1.91210415,0.58228071,0
0.97176396,-0.94674512,1
-0.69643320,-0.30668194,1
1.57129793,-0.43284385,1
-0.80699006,1.57574975,0
-0.15327323,-0.72107633,1
-0.55820257,0.83554008,0
-0.86933958,-0.83587960,1
-1.46057818,-0.01535071,0
-2.02097322,-0.16083679,0
-0.83512632,0.65588599,0
0.09397143,-1.39212057,1
0.29157524,1.01738720,0
0.28689154,1.02111655,0
-1.29179785,0.24433743,0
0.16684708,-0.84030236,1
-0.79391014,1.32283424,0
-1.00225764,-0.37468075,1
-0.57141959,1.12126356,0
-1.47462002,0.66974955,0
-1.08332704,0.25914226,0
-0.21167297,0.39129253,0
0.27145410,-1.07867350,1
-1.13466535,0.52396002,0
0.04053245,-1.37460599,1
-0.55467910,1.59525329,0
-0.03387456,0.31180035,0
0.63971869,-1.12584588,1
1.61371291,0.25215591,1
1.65600197,0.49774418,1
-0.73649705,-0.29075254,1
-0.49897202,-0.87592635,1
0.65603099,0.46629851,0
-1.66660446,-0.97575951,0
-0.55472106,-0.60184232,1
-1.03002006,0.81705164,0
-0.65855252,0.76901629,1
-1.25184340,0.24894463,0
0.26935733,-0.05404320,0
1.71022321,-0.07689563,1
-0.00468490,0.73816077,0
0.11460427,-1.32754930,1
0.53647459,-0.95161031,1
-1.46663378,-0.98499775,0
-0.46439442,1.79920385,0
-1.22569319,0.97778547,0
0.97238551,-0.68420580,1
0.18806569,0.94067705,0
-1.67671742,1.16296333,0
-0.58894796,-0.68810403,1
-0.09031852,1.92144501,0
0.26716205,-1.51215698,1
-0.78445187,-0.22082142,1
0.21739346,1.30438210,0
0.38243705,-1.39222418,1
-0.32320210,0.26163771,1
-0.39047778,-1.43466944,1
0.22342969,0.08321058,1
1.51848080,-0.30809446,1
-1.08000893,1.47952976,0
-0.39092071,-0.11565428,1
-0.79756863,1.74165332,0
-1.28239694,0.81652034,0
0.87292295,-1.66096244,1
0.48094335,0.51657410,0
-0.81256315,1.79464783,0
-0.68709143,0.84661571,0
0.34916098,0.50348651,0
1.39094838,-0.44158916,1
1.62662786,-1.04648540,1
0.21282925,-0.40538095,0
-0.01865576,-1.56612886,1
0.82211693,0.52445507,0
2.35207316,-1.13043064,1
-0.46012921,0.86570237,0
-0.77223577,1.32468364,0
-1.08869512,0.72158483,0
0.61410679,-0.87789835,1
-1.19162217,1.42977439,0
0.23573156,-0.35781448,0
2.10790500,-0.89786718,1
-0.42478674,1.69363961,0
0.61330221,-0.63529981,1
-0.58923114,-0.87808417,1
-0.01306680,0.77321193,0
0.47437548,1.26274854,0
1.71181585,0.55381139,1
-0.70420039,-1.43298724,1
1.25085601,-1.51723420,1
-0.23406007,-1.11931950,1
-0.86054276,0.18308938,0
0.70516268,0.16642487,0
-1.54620291,0.61342284,0
-1.33741148,1.96439983,0
-1.44220094,0.12331389,0
0.67099744,-1.78699569,1
-0.60523805,0.19248240,1
-1.27219934,-0.59753051,0
-1.27877243,0.01611517,0
-0.05671130,1.42137769,0
1.07341405,-1.64735019,1
-1.42888780,0.36027015,0
0.92509449,0.10457742,0
-1.50416040,-0.38156513,0
-0.25194840,0.43269923,0
-0.23440485,-0.95337482,1
-0.30132068,-0.74056274,1
0.16671993,1.36681201,0
-0.58426656,-0.05768626,1
-0.15712964,1.46976522,0
-1.32592465,0.36742662,0
1.68670448,-0.21078548,1
0.70303736,-1.01548186,1
1.61891274,-0.62768705,1
1.58288070,-0.16705439,1
-1.00430879,0.94463390,0
-0.58935488,-0.11072166,1
-0.34782277,-0.48598055,1
1.19052145,-1.09723799,1
0.24981102,0.61562464,0
0.59778673,-1.73803749,1
-0.19941298,-0.27369526,1
-1.47889437,-1.14881652,0
-0.93253450,0.68067290,1
-0.39014198,1.56033525,0
-0.65032720,0.96527163,0
-0.05939431,1.18666881,0
0.31374776,-1.01802354,1
-0.15336236,-1.06772736,1
0.72079846,-0.22418476,0
0.97681880,-1.96562797,1
-0.30153698,-1.89909658,1
0.86644876,-2.09695152,1
-0.03849703,-1.02388272,1
-0.23661755,-1.49480818,1
-0.30051993,1.44142527,0
-1.02187489,0.58604531,0
-0.70083957,-0.66984787,1
0.69317870,-1.75952156,1
-0.22539031,-0.31609310,1
-1.87388102,0.47409350,0
0.19422011,-1.56668805,1
-0.51214441,0.29929559,1
-0.14916205,1.27887719,0
-1.34199758,0.97270040,0
-0.48584119,-1.22418301,1
1.53829392,-0.55507522,1
0.15605763,1.17261069,0
1.59444425,0.04438071,1
-0.33475017,1.36791129,0
0.52230127,-0.95846084,1
0.70261499,-1.37487714,1
-0.41277702,1.25244110,0
0.49916286,-1.45795665,1
0.13690899,-1.25369485,1
0.54054508,0.41923077,0
-1.05021620,-0.34210617,0
-0.17310824,0.14504762,1
0.25284737,0.09053074,0
-1.21935304,1.61896913,0
0.66234146,-0.41885238,0
0.09289309,-1.87726006,1
1.23049376,-1.34566796,1
-0.03591431,0.46871916,0
-1.02180504,0.48120920,0
-0.57718942,0.87919471,0
0.20643146,-1.21264820,0
0.73492940,-0.22502531,0
-0.08838452,-0.72149040,1
-1.09322280,1.38824717,0
1.51830010,-1.68531423,1
-0.30854111,1.29954092,0
0.83192470,-0.65457676,0
0.88571019,-1.49126791,1
-0.65478998,0.93093158,0
-0.36588493,-0.57696282,1
-1.18978908,0.99369529,0
1.47427595,-0.63139953,1
-1.57443029,-0.69486073,0
-1.00538009,0.49541938,1
-0.59230683,0.42106808,0
-0.09214703,-1.70874963,1
1.58618407,-0.65818796,1
-0.82181361,1.30288196,0
-1.01787100,1.65836742,0
-0.99307631,1.78403464,0
-1.02828176,1.58951157,0
1.06789059,-0.24120748,1
-1.34940646,0.25646973,0
0.03502231,-0.48806538,1
-0.51666002,-0.40792902,1
0.30458047,0.43125952,0
-0.59175373,1.47910049,0
0.39036284,0.31939930,0
-0.25764306,0.04750365,0
1.38321327,-0.09057557,1
0.53492087,-0.12377017,0
-0.27989845,1.79576691,0
-1.02973694,0.61638216,0
0.07745149,-1.46848140,1
-1.25420461,0.31577469,0
0.00928967,1.73767074,0
-0.77692296,0.67776544,0
0.36615090,0.24971795,0
-0.66627473,-0.40600205,1
-1.16387634,1.13522257,0
-0.25006983,1.08947785,0
0.43658451,-1.56126399,1
-1.42274351,0.42013020,0
0.63983501,0.60010836,0
-0.33268899,-0.44869137,1
0.57015327,-0.24833938,0
0.49358641,0.48180065,0
0.10440977,0.14692740,0
0.76444460,-1.62408710,1
0.60812315,-1.37632475,0
0.46239701,0.76012536,0
0.40886808,-1.03882999,1
0.82418928,-0.68553327,1
0.70800945,-1.27268300,1
1.72282560,-0.83963760,1
-0.53656397,1.63994802,0
0.55479992,0.29483657,0
1.79796379,0.05250116,1
-0.61736814,1.75603203,0
0.03015429,-0.03626871,0
-0.73448414,0.26168879,1
-1.61932034,-0.36908821,0
0.55371421,0.19980967,0
-0.73669304,1.16263274,0
1.12186867,-0.65800321,1
-0.33623944,1.18237013,0
-1.53215731,0.88642447,0
-2.00091583,0.76102698,0
-0.37274534,1.02556909,0
0.36593669,-0.96717364,1
0.76823613,0.44893986,0
0.03141986,-0.94873942,1
-1.77511068,-0.83862580,0
0.88565751,-1.25705226,1
-0.25567946,1.26907329,0
-1.37782635,0.78400257,0
1.28596097,-1.13459400,1
-0.05841387,1.37754707,0
-1.82965838,-0.60866472,0
1.67554794,-0.00563107,1
-0.46394358,-0.48731703,1
0.75544058,-1.78556929,1
-1.33846020,1.06602618,0
-0.45583613,1.12689372,0
1.98755037,0.16587220,1
0.15561310,-0.41232733,1
-0.46849322,-0.35621967,1
0.74948794,-1.47293013,1
-0.95824724,0.38973808,1
0.48810493,0.31199588,0
-0.94745980,0.79761596,0
1.30734787,-0.23763793,1
0.22457548,-1.42740179,1
-0.89850259,0.88228128,0
-0.53277789,1.26050214,0
0.77137095,-1.39304884,1
1.33264460,-1.08763626,1
-1.15642111,2.16138650,0
0.28922465,0.60207150,0
1.27195570,-0.05878015,1
0.39808919,-0.88371518,0
0.58148497,-1.36980377,1
0.42541427,0.07725244,0
0.41189739,-0.77703055,1
1.32096906,-1.89643211,1
-0.29089089,1.96258676,0
-0.35293312,0.84445230,0
-0.51834870,-0.27640109,1
-0.66944355,-0.21077283,1
0.51394285,-1.70530281,1
-0.32354505,1.37367489,0
1.54720669,0.65050407,1
-0.52607801,2.11276121,0
-1.50836061,-0.73161530,0
0.35599211,-0.20946817,0
1.91501376,-0.94879061,1
0.11757550,0.59487636,0
-1.06082336,0.65326054,0
1.32559177,-0.93272869,1
0.34396991,-2.11853043,1
-1.04889551,0.86669169,0
0.98929542,-0.29777097,1
0.30600483,-1.10568988,1
-0.80137634,1.92698284,0
-0.70884003,0.01244341,1
-0.67671987,0.17315155,1
-1.69617439,0.03905065,0
-0.71654522,0.45205220,1
0.04231912,0.43327712,0
0.19760200,1.94234016,0
0.01428367,-0.47866924,1
-0.64713671,1.09224942,0
-0.46914133,1.53088949,0
0.48426368,-0.53286031,0
0.29027824,-0.39163237,0
-0.31316596,0.25809246,1
-0.77080347,0.83267763,0
0.19839997,-1.60908629,1
-2.14942799,0.58823505,0
0.49758804,-1.55506094,1
0.70676783,-1.15231476,1
-0.28708187,-1.33020119,1
1.12791683,0.03751643,0
0.03795211,0.86382123,0
0.59415365,-1.86268207,1
0.23387141,0.73143091,0
-1.38291696,1.18569511,0
0.19390792,0.09039203,0
1.62268306,-0.19571445,1
0.16717187,-0.30670367,0
-1.15465051,0.98779347,0
0.20500683,-1.35667929,1
-0.65919015,0.24048859,1
0.07941228,-0.56015051,0
0.30157797,-1.57357411,1
-1.26213429,0.58372861,0
0.93330841,-0.88247392,1
0.55681960,-0.10929262,1
0.21074734,-1.03780925,1
0.02797248,-0.68777684,1
0.77575826,-0.48906141,0
0.20627330,-0.62736340,1
0.22147627,-1.09546038,1
1.39653332,0.08743295,1
-0.92957712,0.66363929,0
0.74147779,-0.36998878,0
-0.95351648,1.53493022,0
-0.29185993,-2.04577874,1
-0.97596867,0.83436842,1
0.32448843,0.33553300,0
-0.74570960,-0.98086821,1
-1.82712252,0.58566312,0
0.92482287,0.52276787,0
-0.63867216,-0.97468265,1
0.69277755,-1.15254880,1
-1.61709518,0.45910131,0
-1.83031544,0.06178398,0
0.58538637,-0.88397490,1
-0.62857506,1.02636750,0
0.04039406,-0.83220884,0
-1.28998197,-0.18636456,0
1.60585172,-0.11612160,1
-1.21016762,1.23230954,0
-0.98720385,0.75499589,0
0.05604559,1.40192705,0
0.16626394,-1.82017214,1
-0.13220665,-0.19895035,1
0.67929320,-1.86144143,1
0.14699892,0.67382516,0
-0.18159660,-1.06757069,1
-0.54595026,1.04225961,0
-0.02002899,-0.54753181,1
1.65445512,0.60769953,1
-0.19729713,0.59657998,0
-1.83875752,-0.09426039,0
-0.09410693,1.24114990,0
1.86339200,-0.89940215,1
1.13997618,-0.59438698,1
-0.86471980,1.95456602,0
-0.06846955,-0.41846080,1
-0.23777979,1.57017537,0
1.49502823,0.40433374,1
-0.30812982,0.04539020,1
1.62621362,0.07509289,1
0.59070291,0.16227339,0
-0.51415849,-0.82580462,1
0.81352874,-1.83342136,1
1.71484164,0.47007046,1
1.79225884,-0.56584964,1
1.19203437,-1.78626420,1
1.28842947,-1.47950904,1
0.43983975,0.47736649,0
1.45494254,-0.38905078,1
-1.91957280,1.08469957,0
2.09788363,0.51912126,1
-0.57837665,0.99118745,0
-0.33669385,-0.17808640,1
-0.17422732,-0.64274171,1
-1.70737222,0.61057683,0
0.03213226,0.99660064,0
1.75324135,-0.61425732,1
-1.85788886,0.24768621,0
0.21336842,-1.86448881,1
1.60237717,-1.07061320,1
0.02240055,1.14667762,0
1.47087909,0.52227653,1
-0.63530964,1.22795442,0
1.11384434,-1.78627934,1
0.14278575,1.46725539,0
1.03392679,-1.36066103,1
-0.80858549,1.01952278,0
-2.08506992,0.61198687,0
1.85940804,0.73026494,1
-1.88570870,-0.73247961,0
-0.86115244,-1.03308711,1
-0.07633844,0.95338227,0
0.59037968,0.61038130,0
-1.12900382,0.89169418,0
1.26503284,-1.68565938,1
-1.31576049,0.96392339,0
-0.57200708,1.21932011,0
-1.68871378,0.26572370,0
-0.05177915,1.21563679,0
0.15108219,0.85783218,0
-0.75178384,0.41404350,1
0.69341593,0.12648093,0
-0.30996279,1.97564045,0
0.95585548,-0.57942094,1
0.77179865,0.12147359,0
-0.19312358,-0.82666171,1
-0.45485749,-1.18011494,1
-0.22996419,-0.86966112,1
-0.86995794,0.81439351,0
-1.63211403,0.41118102,0
1.18226244,-0.52459575,1
1.23813615,-0.28458419,1
-0.24768489,-0.37954161,1
0.79339701,-1.17452277,1
0.50179564,-1.17449216,1
-0.04669729,0.89020831,0
0.06804083,-1.16216400,1
-0.09081616,1.18128287,0
-1.00624397,1.61080613,0
-0.12697797,-0.89583678,1
-0.96863839,0.01694268,1
-1.34808451,0.84682655,0
0.34733955,1.03198725,0
0.20695075,-0.67033707,1
0.44885450,-1.02891861,1
0.12400722,-0.00395972,0
0.11440018,-0.23940191,1
-0.00047625,0.84555032,0
-1.21674706,0.65412937,0
-0.39262614,-0.00693479,1
0.35888069,-1.88281458,1
1.51154689,-0.11877364,1
1.96481936,-1.31605137,1
0.09330817,1.74443802,0
1.51801660,-1.24592781,1
-1.08786536,1.58659472,0
1.50800279,0.37482556,1
0.17027636,0.89845231,0
-1.59437980,0.03225851,0
0.68457797,-1.34149714,1
0.56287369,-1.27656401,1
-1.00863109,1.22486118,0
-0.87098505,-0.44726695,1
0.35064317,0.62157896,0
-1.47374300,-0.04679027,0
-1.22670672,0.29557988,0
0.62184156,1.00412579,0
-0.49652888,1.24996839,0
1.64506060,-1.16362214,1
-0.55545352,1.04770774,1
1.57855679,-1.08993095,1
-1.51214671,0.68870541,0
0.15275871,-1.67450106,1
-0.07374056,-1.76932348,1
-0.78249530,1.42499858,0
-1.40601941,-0.94080464,0
-0.79799413,1.05483615,0
-1.35485677,1.02041686,0
-0.16540918,-1.45730245,1
-0.23112286,1.20990232,0
0.72293195,-1.04699195,1
1.13366833,-1.22597524,1
-1.76242004,0.10296409,0
0.99100241,-1.29045605,1
0.47691933,-0.92350094,1
1.13701782,-1.30057062,1
0.95670210,-0.77893220,1
-1.57305431,1.35058487,0
0.30885227,-1.50365331,1
0.21589536,-0.76783999,1
-0.24875201,1.31382830,0
-0.00824489,2.01659436,0
-0.20932702,0.23217512,1
-0.41351002,-0.09718095,1
0.08049440,-1.52409021,1
-1.08843927,0.08473726,0
-0.73332480,1.41065124,0
-0.22559289,1.17743537,0
0.06652085,0.18596633,0
-0.47761408,-0.33865772,1
-0.68466288,0.31461873,1
-0.16260545,0.72427568,1
1.27863158,-0.29593409,1
0.00601045,0.37070373,0
-0.41380789,1.07834113,0
1.50760452,-0.68332778,1
-0.88084311,-0.49868607,1
-0.10994853,-0.95233912,1
0.93958406,-1.14979830,1
-0.55460915,1.53499647,0
0.53347099,-1.71932815,1
-0.39156142,-0.08067802,1
0.36858151,0.38377501,0
1.95948199,-0.75098608,1
0.63179163,-0.17740124,0
0.37970811,1.08226558,0
-0.26708253,-1.15481671,1
-1.01823191,1.79078503,0
-0.27038762,-0.80115023,1
-1.05465091,0.83778638,0
1.38201280,-1.95329773,1
-0.29624970,1.22640383,0
-0.31192989,1.60313588,0
0.00651854,1.02972962,0
-0.23321144,0.73328562,0
-1.19663341,1.08051947,0
1.50824760,-1.56937597,1
-0.86907638,1.06703780,0
-1.25201400,-1.16996667,0
1.31815110,-1.12762002,1
-1.41514465,1.49489145,0
0.57101409,-0.07166665,0
-0.26503451,-0.19989279,1
-1.80755000,0.82629131,0
-1.52086483,0.03161378,0
-0.80054842,0.74907586,0
1.40294334,-0.25217283,1
0.37083682,-1.25271921,1
0.39858337,-1.32141754,1
-0.14507464,-0.68977865,1
0.12756389,-1.64877094,1
1.63647784,1.53475571,1
0.87850444,-1.56729145,1
-0.21037189,-0.39476410,1
0.32033578,1.29606774,0
0.40885909,0.75920183,0
1.39557832,0.10014443,1
-0.15906835,0.93112601,0
-0.36507913,1.35173162,0
0.40603004,0.99197057,0
0.37799118,1.39512969,0
0.98553919,-1.39540265,1
0.72908359,-1.74678686,1
1.45832769,0.16399882,1
-0.38124931,0.01454645,1
-0.11743008,0.94969995,1
-1.45309223,-0.38504302,0
0.03946022,1.12817086,0
0.27204545,0.53377435,0
1.44794253,-1.34437304,1
-0.44414803,-0.27906933,1
-0.25203412,-0.88544026,1
-0.67181709,1.91257412,0
-0.25244588,-0.92209045,1
-1.53976295,0.99392416,0
-1.69436953,0.19739182,0
0.40361360,1.52420699,0
-0.81526357,0.18573519,1
-1.11367943,1.27070537,0
0.10848792,0.00162267,1
1.24955882,0.61197312,1
-0.40699138,1.83847137,0
0.90665705,-1.30345295,1
1.59698769,0.91542586,1
-0.16091161,-0.48482044,1
-0.58402678,-0.99783608,1
-1.30379971,0.91349164,0
-0.74669519,-0.97844858,1
-1.18982418,0.59360758,0
-0.05655761,-0.74507737,1
-1.11497797,0.03207880,0
0.43590254,-0.31305193,0
1.78180301,-0.47822021,1
0.08131122,-1.22066529,1
-0.69007605,-0.00337762,1
-0.23888527,0.77701855,0
-1.10612772,1.30975965,0
-0.12079833,1.17181559,0
-1.72076669,-0.13335782,0
-0.21660543,1.50189003,0
-0.60613539,0.12180322,1
-1.33314310,-0.60441767,0
-0.20986609,1.44852931,0
-1.35523135,0.90188244,0
0.76791345,-0.63214791,0
0.10300415,1.51075030,0
-0.30522640,0.29146688,1
-1.03286389,0.58349018,0
-0.16198335,2.01729921,0
0.77836948,-0.86452261,0
0.35104005,-0.48642922,0
-1.64411869,-1.35898677,0
-0.29929949,1.06930553,0
-0.80600386,0.11223545,1
-0.05801771,0.95513108,0
0.45641666,-1.62384872,1
-0.16809794,0.90369541,0
-0.05476151,0.13101258,1
0.57479496,0.41674418,0
-0.73637745,-0.10472498,1
-2.13968658,0.08652218,0
-1.09790895,0.46430569,0
-0.96740326,1.61052654,0
0.22773291,-1.29965829,1
-0.37135522,-1.14378589,1
0.35809737,0.98022014,0
0.31800238,0.99985182,0
0.33827065,-0.77457871,0
0.47982837,-0.90503199,1
2.41906423,-0.71145008,1
-0.33375187,1.50385772,0
0.64805766,-1.65909408,1
-1.00250108,1.33504476,0
-0.79462639,-0.49059916,1
0.19312013,1.35266041,0
0.09608809,0.93933132,0
1.85908165,-1.07073564,1
-1.80861701,-0.42492436,0
-1.24723092,0.97826165,0
1.96295948,0.15726105,1
-0.52833171,1.71278776,0
-0.48432634,0.41545207,1
0.25782447,1.33643314,0
-1.68018580,0.28849233,0
0.77174657,-0.18482187,0
-0.01121065,-1.03791748,1
1.31787582,-1.02170192,1
0.38813683,-1.14588628,1
0.15706937,0.92094480,0
-1.10007448,1.96116182,0
-0.09269956,0.01220856,0
1.61823505,-0.22134847,1
-0.77050445,1.38036688,0
1.89936099,0.31587235,1
-0.64090192,0.06010238,1
0.35420678,-0.11283721,0
-0.79211929,1.41607494,0
1.23236771,-0.87861449,1
-0.47384606,1.76025269,0
1.68140136,-0.39090518,1
-0.15075704,-0.63619961,1
0.08333883,-0.65803325,1
-0.06149796,0.33469709,1
-1.18032011,1.45398853,0
0.24929085,0.73946973,0
-0.12308482,0.50138627,0
0.32543190,0.46542818,0
1.19763644,-1.15940549,1
-0.63419975,-0.12045968,1
1.40258998,-0.09657913,1
-0.54169892,1.14810335,0
1.29108369,-1.07789552,1
0.50098147,0.02043616,0
1.89423397,0.27876916,1
-0.60071387,1.46224866,0
1.04682434,-1.61284650,1
-1.14344403,0.92506708,0
-1.64811992,-0.43149979,0
-1.24544176,0.33866058,0
-0.62613073,0.14806816,1
-0.64613763,1.77453403,0
-0.49006161,-0.40442662,1
0.40285235,1.05237816,0
-1.32372452,0.29687097,0
-1.47022672,0.70010272,0
-0.67819248,0.10473378,1
-0.54120130,-0.41143652,1
-0.31989170,-0.29020915,1
-1.03403831,1.67883483,0
0.07610475,0.26190773,0
-0.32054628,1.75142674,0
0.24094996,-1.80622040,1
0.21534729,-0.03772214,0
-0.90999433,-0.20878215,1
1.55795847,-0.69818228,1
-0.07408171,-1.48076462,1
1.61547542,-0.76552417,1
-0.51413830,0.30090125,1
-0.95915008,1.98820789,0
0.77837306,-0.15170371,1
-0.14398370,1.01640702,0
-0.64813671,1.72203231,0
-0.77164038,0.68267733,0
0.41633300,-1.42558285,1
-0.95824314,1.41113907,0
0.60577359,-0.36926690,0
1.80401238,0.96043019,1
-1.06765431,1.01519951,0
1.33871596,-0.98252109,1
0.25724462,0.96566093,0
-1.16966753,2.40319460,0
-1.85193149,0.20880036,0
-0.64405560,-0.20148724,1
-0.33116737,-0.55775325,1
0.58685705,-1.79966288,1
0.46535304,-0.70779962,0
0.70750516,-0.45038383,0
0.56287398,0.62711606,0
0.67864414,0.63028706,0
0.55748492,-1.12788916,1
-0.09917546,-1.17296305,1
-0.43302765,0.12021744,1
-0.27773003,0.86609941,1
-0.83231500,0.48373603,1
0.13247658,-0.90651687,1
1.56170340,-1.16067093,1
1.75028850,-0.67209673,1
-0.90858639,0.99516179,1
0.48965717,-1.65221836,1
-0.07103481,0.31557623,1
0.04524469,-0.08137617,0
-1.00383615,2.12106254,0
0.37404969,-0.79805914,1
-1.11316508,1.65390027,0
-0.54899101,-0.77123923,1
-1.42276872,0.87572488,0
0.38854532,-0.13343207,0
-0.22361826,0.77174791,0
-0.55812476,-1.01046639,1
-0.04127304,1.69086051,0
0.56440578,-2.48819598,1
-0.63871967,1.09044276,0
-0.73376751,1.10498311,0
-1.71687145,-0.52596141,0
-1.32931487,1.15185587,0
-0.77437274,0.43139319,1
-0.98855691,0.79017012,0
0.53738704,-0.45922879,0
0.21616166,1.08621960,0
0.41970548,0.78622735,0
1.16148656,-0.61697792,1
0.86790057,-1.23388911,1
-1.69484862,1.48098365,0
-1.30293987,0.70231290,0
0.74440025,-1.40897074,1
-1.39842030,0.73065299,0
-0.55888548,2.19584395,0
0.93873326,0.08626159,0
0.49986794,0.37705370,0
1.18758039,-1.89942127,1
0.57932621,0.52713419,0
-1.47529041,1.00346678,0
1.20449210,-0.21494582,1
-0.72488700,-0.97043494,1
-0.38811353,1.06081533,0
-1.18038107,0.88541428,0
0.29865635,0.28918335,0
-0.54662137,1.58277182,0
-0.45369942,-1.12508263,1
-0.04507509,2.20928010,0
0.42871104,-1.03348910,1
-2.32826377,-0.94100952,0
0.64190109,1.34647519,0
0.15557578,1.44868520,0
-0.55687443,0.33514714,1
-0.56352362,1.50984921,0
-0.03663561,0.34138566,0
1.59879552,0.27092082,1
-0.84101539,0.52309418,1
-0.24647275,-0.65150140,1
-0.06740094,-1.86452891,1
-1.21631103,0.45445787,0
1.57277298,-1.55286885,1
0.55619001,1.10538237,0
0.34178936,0.46167597,0
-0.57881160,0.21789086,1
0.63412059,0.25614481,0
1.52240828,-0.52922846,1
-1.34813521,-0.25937926,0
-0.02672192,-0.75663509,1
-0.28965016,1.36549033,0
0.03209514,1.69826976,0
0.52208956,0.48280729,0
-0.06771674,0.53539373,0
0.42229266,0.85837894,0
-0.97432784,0.35049545,0
1.82834048,-0.83692086,1
-1.88376409,0.46896999,0
0.95548445,-1.51953486,1
0.69968252,0.53856352,0
-1.77579549,0.69141773,0
-0.59198000,-1.07148119,1
0.16025620,0.30110540,0
0.92872836,-0.41135434,1
-0.30501773,0.67675426,0
1.04552363,-0.16989684,1
-1.09609965,0.93312062,0
1.62907924,0.57576122,1
-1.14502377,1.68249648,0
1.34170130,-0.38976604,1
-1.57123419,0.39306756,0
0.44636789,-0.25882948,0
-0.49524518,0.88576925,0
-0.28615995,1.64827083,0
1.71240309,0.25188075,1
0.70061885,-0.31370660,0
-1.77750025,1.10870951,0
1.34341691,0.46543867,1
-0.25137573,-0.53974013,1
1.03627211,-0.69073638,1
0.75637583,-1.16964283,1
-1.62443903,0.84964318,0
-0.02213545,-0.13386300,1
-1.55514086,1.36413732,0
0.09220799,0.97871714,0
0.64695093,-1.35892354,1
-1.21684491,1.32782237,0
-0.16869775,1.42807846,0
0.24311427,1.19531292,0
0.97372056,-2.01826089,1
-0.65035282,0.05883873,1
0.84978112,-1.05884502,1
-0.58587080,0.38994273,1
-0.39871333,0.12187420,1
-1.64361609,-0.03768734,0
-0.82921078,-1.48397112,1
0.71690979,-1.58231616,1
-0.91305261,1.27140885,0
1.54487518,-1.06732638,1
0.61827974,-0.97259838,1
0.20677616,1.27852875,0
1.68610493,0.42626579,1
-1.40933122,-0.78985031,0
-0.38006901,0.97333330,0
1.52350326,0.09558698,1
-0.55605746,1.53007635,0
0.49518781,-0.52344201,0
-0.47047744,1.43499150,0
-1.54619627,-0.75367511,0
0.32703798,-1.41933076,1
-0.73921559,0.46166125,1
0.27365599,-2.13280563,1
0.07004400,-1.52410670,1
1.93147947,-1.22933160,1
0.70360495,-0.48454170,0
-0.06392020,1.23074331,0
1.62331697,-0.21354460,1
0.74254865,-0.95319822,1
1.12351358,-0.72576903,1
0.60532552,0.41558255,0
1.39198256,-1.48349022,1
0.68129622,0.69341097,0
1.19117500,-0.17167189,1
-0.99758404,1.02243730,0
-1.18213611,-0.29095895,0
-0.59251995,-0.46901428,1
-0.75270590,1.70712459,0
-2.02473079,0.36006538,0
-1.55226106,0.36461010,0
-0.13067996,0.98932036,0
-1.19191225,0.93869228,0
0.86984085,-1.48262497,1
0.16796322,0.81220958,0
-0.13621684,0.66447809,0
1.48076335,-0.57427609,1
0.23299797,-0.08632538,1
-0.00949762,1.03529392,0
0.91453148,-1.58203534,1
-0.24886756,1.11414034,0
-1.05461441,1.29053258,0
-0.29954027,0.82233555,0
-1.59295228,1.00775073,0
0.97305683,-0.91444181,1
0.28799733,1.00166788,0
-0.11740222,-0.92749225,1
0.33861749,1.25067574,0
1.48090967,-0.16528841,1
0.31176949,-0.34863585,0
1.87661295,-0.51254664,1
0.02022046,1.20661941,0
0.20008462,-0.98543459,1
-0.65515305,1.12462626,0
-0.48192829,0.99452235,0
0.90221966,-0.94983029,1
-0.34886848,1.08668234,0
-1.70533437,0.03111222,0
1.43507173,0.47128494,1
1.36879796,-0.31869294,1
0.06141904,1.75621213,0
-0.32496212,1.02377189,1
-1.05204465,1.34970281,0
-0.80230760,1.17797308,0
-1.45432979,-0.49419986,0
-1.54122278,-0.21925160,0
1.54478438,-1.16202312,1
0.98072325,0.79443228,0
0.22517889,-0.13895102,1
0.94817666,-1.07259421,1
0.11956030,-0.38040869,1
-0.22183558,1.33338407,0
0.08183529,-0.29831472,1
-0.30338584,0.61713006,1
-1.11953904,0.82653255,0
-1.53739545,0.57475961,0
1.62071572,0.40971884,1
0.31127382,-0.83764248,1
0.82167482,-0.05319167,0
-0.85730442,-0.22569245,1
-1.01655634,1.45049318,0
-0.23315635,0.71620241,0
0.36538312,-1.12575372,1
-0.10877463,-0.34664360,1
1.26587595,-0.02866198,1
0.62580191,-1.05712389,1
1.37454142,0.48104666,1
-0.71017783,1.40300150,0
-0.37050276,-0.19214164,1
1.63662660,0.68806895,1
-0.42155629,0.20865720,1
-1.09462821,1.78267423,0
0.03293969,0.85855819,0
-0.62157323,1.16993205,0
1.80478595,0.31532549,1
1.18430046,-2.16786338,1
0.29246022,0.15347517,0
-0.22624952,-0.45436946,1
-1.11480188,0.95633134,0
-0.25038374,-0.98934440,1
1.24303290,-0.82180535,1
-0.60321449,-0.01627992,1
0.05356866,-1.67147605,1
0.29565021,1.20297384,0
0.36941410,0.75140133,0
-0.43634667,1.54983957,0
-1.52824695,0.57239252,0
-1.58383463,0.90661168,0
-1.85577366,0.56272318,0
0.03554942,1.43409736,0
-0.45541530,1.98083985,0
0.41612735,-0.71973497,0
0.42478424,-1.69247100,1
1.26265010,-0.65134042,1
-0.43675112,1.51643317,0
-1.10367255,1.94924809,0
0.00907355,0.94806099,0
-0.17818032,1.36416902,0
0.16027173,1.34940809,0
-1.45539388,0.11676399,0
1.72709006,0.35237771,1
1.57292600,-1.12081014,1
-0.44444061,-0.37252109,1
-0.08371423,1.08324395,0
1.08676692,-1.45535505,1
0.36116022,-1.43608420,1
-0.74932229,0.78110478,0
1.06252840,-1.56465349,1
1.95599223,0.57029520,1
-0.38772152,-0.14632492,1
0.70118785,-0.72614422,0
0.69037475,0.22294317,0
1.84944831,-0.24053556,1
-0.50820553,1.07337620,0
-0.79457192,0.26111369,1
0.10151070,-0.89421641,1
1.61988602,0.11427333,1
1.44780911,-0.36432622,1
0.29372792,-0.54140185,1
0.66542842,0.23116322,0
-1.54793383,-0.15332269,0
-0.22546963,1.62824900,0
-0.85356376,0.43565200,0
-0.87177607,1.46537354,0
0.44072502,-1.20969183,1
-1.06809508,1.96606317,0
-0.67175772,-0.02357798,1
-0.49720562,0.31094981,0
-1.35087664,0.89069370,0
0.59367457,-0.38192055,0
-2.00737344,0.39067780,0
-1.50132107,0.56190482,0
-0.23622061,1.38635241,0
1.42521385,-0.76208023,1
1.38573101,0.12822056,1
-1.75450926,-0.33461267,0
-0.24336070,-0.90061027,1
-0.16151008,-1.40797920,1
-1.94585594,0.69651185,0
0.33480594,-1.71155563,1
1.24086041,0.05787195,1
-1.92607694,-0.22604763,0
-1.74067910,0.33765578,0
0.51858247,-1.35424156,1
0.10634802,-0.46671950,1
0.42048575,-1.65154606,1
-0.87987074,-0.39502061,1
-0.42309033,-1.44773108,1
0.38618885,0.21511723,0
1.10427402,-0.55462738,1
1.31943050,-1.64371643,1
0.40587270,1.07677682,0
0.96033151,-2.53950626,1
0.18808511,0.99071987,0
-1.86449182,0.16665937,0
-1.14129004,1.22445666,0
-1.65631380,0.33071585,0
1.40433758,-1.06066299,1
1.83840859,-0.14726404,1
-0.12740809,0.56889463,0
-1.91861936,0.24838279,0
-0.32676001,-1.24149778,1
-0.62781388,0.15635683,1
1.24221329,-1.42368270,1
-0.73880934,1.94847530,0
0.79228742,-0.13016745,1
-0.01390039,-0.29689909,1
-0.38616112,1.77180557,0
0.76086955,-0.39875865,0
1.89683296,0.41102259,1
0.56331019,1.64026317,0
0.69993884,-0.19253053,0
-1.19234459,0.52075757,0
0.47050045,0.25702123,0
1.04600195,-1.16634005,1
-0.11077582,-0.11270035,1
0.62257814,0.58177351,0
0.05733176,-1.77236458,1
-1.21066742,1.12795056,0
-0.53378833,0.85125224,0
0.16490424,-1.74344341,1
1.74180141,-1.12751218,1
-0.39283987,1.45704570,0
0.62372330,0.02299104,0
1.53439583,0.09265032,1
1.30092574,-0.36154716,1
-0.43090638,-0.62566481,1
0.27398945,-1.67179693,1
0.94583303,0.80517912,0
-0.60539882,-0.18038744,1
0.57573418,-0.78870305,0
-0.05265212,-1.16128009,1
0.76921457,0.70749372,0
-0.81920945,0.27813856,1
1.37092466,-0.31956709,1
0.23668779,0.66117475,0
1.23856771,-1.15579501,1
-0.67787321,1.37002930,0
0.12220993,-0.13588688,0
-0.99302354,1.29165872,0
1.71729122,0.95061710,1
-0.43111483,0.39501556,0
0.33196553,0.66193838,0
-0.59965741,0.68729684,0
0.48995273,1.11595338,0
1.45229164,-0.96041043,1
-1.61132272,1.87298689,0
1.30042625,-1.57858747,1
0.55866474,0.64039190,0
-0.90571267,0.05334085,1
1.15517032,-0.68134342,1
0.10342773,-0.84807596,1
-1.33777725,0.65629086,0
-0.10872220,0.11683832,1
0.12904650,1.72963909,0
-0.08105643,-1.43105521,1
-0.57060721,1.30807150,0
-0.34230938,1.59316086,0
0.17964873,0.20948376,0
0.85766910,0.06297751,0
-1.52854258,0.22798156,0
-0.93768094,1.72507228,0
-0.49947784,-1.28539986,1
-0.91959248,0.86377313,0
1.44117420,0.47775965,1
1.66291030,0.23528833,1
1.60529010,0.15775488,1
-1.11680640,1.29706315,0
-0.86086903,0.99028301,0
-0.13279263,-0.52474897,1
0.64908418,-1.79362461,1
0.32052597,-1.18099928,1
-0.84159369,0.39972977,1
-1.27816590,-0.17053599,0
-0.48715060,0.01523236,1
0.65638575,0.16308017,0
-1.44135503,1.80983511,0
1.36771213,-0.33315109,1
-1.12830605,1.19076661,0
-1.30243548,0.79914733,0
0.30674459,1.03503779,0
1.93756911,-0.46117786,1
1.02891697,-0.61804106,1
-0.38873623,-0.56738537,1
-0.34137028,1.02882160,0
-0.78267282,0.70872792,0
0.76156700,-1.05148185,1
-0.69388983,-1.61522255,1
-0.80161377,1.00140243,0
-1.94664576,-0.58697781,0
1.03247377,-1.69693099,1
0.80185460,-0.49458407,1
-1.17316072,0.82745689,0
-0.38987414,1.37430807,0
0.05961546,0.97323047,0
0.01306146,-0.07848275,0
-0.15851418,-0.49604771,1
-0.19434241,-0.96881451,1
0.99946078,-0.38397625,0
0.61413704,0.67272181,0
1.94108542,-0.84715433,1
1.46159109,-0.02546863,1
0.90427036,-0.60286339,1
-0.49819893,-0.92468583,1
0.05245846,-1.70513691,1
1.32741039,-2.19873375,1
1.13837145,-0.71275657,1
-0.24186905,-0.68042967,1
1.42031079,-0.63057871,1
0.45919389,-1.51147386,1
0.56796626,-0.64223996,1
1.57556447,-0.34646988,1
-1.15253921,-0.00104426,1
1.37610355,-0.34541952,1
-0.38763974,-0.69312453,1
1.84911756,0.40380020,1
0.36457551,0.85682689,0
-1.39455576,0.12519033,0
-1.33775607,0.52657958,0
1.49701418,-0.67921685,1
-0.32236533,-1.06669030,1
0.69768197,0.72391396,0
-1.52180032,1.81912116,0
-1.14760596,1.43394583,0
0.57763897,0.79406642,0
0.82422240,-0.18462151,0
1.18581251,-1.02088106,1
-2.15839900,0.17936229,0
-0.46696919,0.43469611,1
-1.15956357,1.43082197,0
-0.87624507,0.71486744,0
-0.57607208,0.65480531,0
1.90314283,0.37189077,1
-1.69054451,-0.19631019,0
-0.20116068,-1.28775106,1
0.03505920,1.57917484,0
0.36350543,-0.81917947,1
1.60321859,-0.63098728,1
1.60667941,-0.53431603,1
0.52916797,0.78472205,0
0.84592871,-2.21548062,1
-0.17966370,1.98647793,0
-0.34513067,1.19283159,0
-0.25556684,0.81595713,0
0.00475683,-1.34905714,1
1.27599890,-0.13661870,1
-1.64400158,0.60762521,0
-0.11499717,-0.88261731,1
1.44474808,-1.11990090,1
0.71845297,-1.09632858,1
-0.10952893,1.22492086,0
-0.74484803,1.10453272,0
0.40548016,-1.12051396,1
-0.94621243,-0.27803258,1
-1.33417639,0.69824387,0
-0.74813758,-1.50854592,1
0.27313498,0.83215158,0
-0.53495148,1.17222219,0
-1.91197332,-0.29206607,0
-0.85656010,-0.56925809,1
0.59744710,1.21408039,0
-0.62970578,-0.44768225,1
-0.42723057,0.86581851,0
1.05801717,0.02024702,1
0.61463870,-0.92405349,1
0.74689241,-1.30181988,1
1.82888813,0.42556456,1
-1.09571330,1.39221648,0
-0.68994090,-0.40766324,1
0.36407907,0.95426666,0
-0.93814315,1.90635665,0
-0.51612960,1.22485033,0
-0.24775470,-0.56098922,1
0.27726304,-2.32355084,1
0.30474573,0.14706370,0
-1.08492807,0.69909113,0
0.07554104,-0.23321590,0
-0.77638970,1.95740352,0
-0.41248699,-0.55385439,1
1.22797970,-1.39031241,1
-0.34621484,-0.75303786,1
0.01937294,-1.74937063,1
0.69441030,-0.33811020,0
1.85341650,-0.19531785,1
-0.28657321,-0.66291123,1
1.53930829,-0.06001243,1
0.55017806,-1.41624717,1
0.49739526,-1.56182259,1
-1.34527925,1.74297589,0
1.55269480,-0.08132978,1
0.99170641,-0.89052508,1
0.83641662,-0.77897337,1
1.50223079,0.24528920,1
-0.25990142,-0.26517206,1
-1.29371861,0.69754864,0
-1.08324019,0.74135320,0
0.26228296,0.56452824,0
-0.02744921,1.14639403,0
1.98388542,-0.78260799,1
-0.83334048,1.20294515,0
-1.64660691,0.96934726,0
-0.53334105,1.21176510,0
0.93500243,0.11264358,0
1.40022173,-0.99683192,1
1.71478571,0.15555020,1
-1.53959580,-0.23295294,0
0.01903075,-1.61063994,1
0.95896403,-0.12234418,1
-0.01032777,-1.23803334,1
0.11866506,-0.17498585,1
0.07900869,-0.77046444,1
1.80514245,-0.59781270,1
0.68707963,0.27995821,0
0.65066543,0.51183510,0
0.97371836,-1.21033922,1
-1.08569323,1.03252879,0
0.67148840,-1.36013920,1
-0.73320198,1.85704706,0
-0.28129685,0.96273646,0
-1.56713090,-0.49328100,0
-0.57908848,0.82629149,0
0.29080153,-0.44267379,0
-2.07297074,0.32453132,0
0.14342144,1.52284484,0
0.57938285,0.02613781,0
0.95960802,-2.54762033,1
-0.12767522,-1.75948205,1
-0.01275688,-1.19665061,1
-0.77302172,-0.36334534,1
-1.32994225,-0.09229812,0
0.27715243,1.41970532,0
-0.49606310,-0.93553254,1
0.35134057,-1.93473709,1
1.81947718,0.64667169,1
1.01991236,-1.43612839,1
1.12667077,-1.59450694,1
0.01077604,-0.32021046,1
0.67245428,-1.55300437,1
-0.29532603,1.13960002,0
0.10320260,-0.81094991,1
-1.80157944,0.05353479,0
-1.19863660,0.84018734,0
0.62823743,0.53917799,0
1.26674213,-0.57058866,1
-0.97671928,1.60278856,0
0.17938137,0.37221580,0
0.22445344,-1.69060163,1
0.84232889,-0.91587882,1
1.80838095,-0.84958110,1
2.12321584,-0.01238835,1
-1.50366986,0.49267662,0
-0.67416055,0.96383720,0
1.61565549,-0.67430592,1
0.90048910,-0.94782786,1
0.12313670,0.65709361,0
1.52514019,-0.67729745,1
-0.21673181,0.44741980,1
0.28559567,-0.24468213,0
-0.74003286,0.87964571,0
-1.65609906,-0.30949658,0
0.23335570,1.01243339,0
-1.08046644,-0.66380474,0
0.50577153,0.02491606,0
-2.01815909,0.09727532,0
-0.16884629,-0.55386814,1
0.07253735,-1.24474402,1
-0.47131080,-1.01092059,1
-1.07129276,1.27756574,0
1.04859076,-1.44719077,1
0.47999080,-1.23281626,1
0.57612112,-2.04750978,1
-0.46382767,1.48699015,0
-0.12098851,-1.36085679,1
1.80551590,0.68796180,1
0.41552295,-0.75586303,0
-0.39707537,1.62888533,0
-0.08072996,0.74579264,0
0.95122155,-0.21352400,1
-1.09610233,1.73312590,0
0.39322000,-0.48541201,0
-0.39103151,0.27030876,1
-0.25389352,-0.92919345,1
0.70552290,-0.36813094,1
0.12473215,1.01097985,0
-0.30031167,-0.18466165,1
0.49031181,1.64623066,0
1.59843284,0.24224333,1
-1.03586990,1.11471296,0
0.12850861,1.63792466,0
-0.13431276,-0.49492163,1
0.28677853,0.91376328,0
-0.15165182,-0.10839290,1
-0.29500911,-0.43611165,1
0.52482564,-1.58483823,1
-1.38721295,0.38692366,0
1.57241827,0.55116684,1
1.26993488,-1.05249596,1
0.44292648,0.92652116,0
0.31769372,0.19103518,0
1.71881391,0.07740628,1
0.55993000,-1.35531192,1
-0.22628530,-0.68478566,1
1.43357152,0.15264408,1
0.31052248,0.70721119,0
-0.15626297,-2.11889683,1
-1.56162669,0.84014797,0
0.57590505,-0.95966334,1
-0.65133932,1.40453709,0
0.24293644,-1.33582856,1
-1.40680559,2.18486297,0
1.62930307,-0.30558111,1
0.11453209,1.05826143,0
-0.49557878,0.17741654,1
1.67698528,0.28005068,1
1.13169948,-0.69412930,1
1.60846857,-0.20593966,1
0.23903326,-0.94956855,0
-1.15905687,0.29654128,0
2.14471198,0.26700182,1
0.27329329,1.30696650,0
0.09649517,0.33170533,0
0.90686742,-1.49118682,1
-1.63611389,1.02032347,0
-0.97169531,0.43254571,0
-0.84964328,1.02009125,0
0.83925966,-1.72332601,1
1.17226428,-1.31071053,1
1.50218529,-1.32135484,1
1.54197754,-0.50893311,1
-1.40077007,0.71351502,0
-1.07904578,0.86854509,0
-0.16320006,-0.20265756,1
-1.03117060,1.07819565,0
0.91165007,0.03712299,0
-0.82113320,1.96820800,0
0.70338991,-1.15587006,1
2.12869080,-0.08944212,1
-1.32719209,0.32049971,0
-0.08568594,-1.15417432,1
-0.26641976,0.84474101,0
-1.50103553,0.33389336,0
0.19018309,-1.25220989,1
0.02464983,0.95697700,0
-0.06329109,-0.49310270,1
0.30650347,-1.08227034,1
-1.82942084,0.52560517,0
0.81466703,-0.02239426,0
0.17440718,-1.27578810,1
0.11328612,0.43529305,0
-1.04137267,1.10695451,0
-0.37181370,-1.56795824,1
-1.28176178,0.75420836,0
0.10858570,0.59326435,0
-0.41850079,-0.11637536,1
0.31141584,1.16594616,0
1.03529625,-1.17162074,1
-0.69114612,0.96554902,0
-0.28193258,-0.86863008,1
0.24786564,0.47281984,0
0.47464088,0.87059681,0
-2.03848446,0.51710720,0
-1.70207312,0.03072841,0
0.24687306,1.24662039,0
1.03066359,-0.80842057,1
-0.75527913,-0.62548401,1
-1.55920711,1.05557921,0
1.20356353,-0.23065019,1
-0.16660778,-1.29106758,1
0.21589432,-2.16085933,1
0.72857860,0.03476354,0
0.82724704,-0.90007551,1
-0.04302314,0.52923747,1
1.30427288,-0.30977398,1
1.75951009,1.16038697,1
0.80112485,-0.33062986,0
-0.60123761,1.55346262,0
1.42022961,-0.77304220,1
1.27064318,-0.95496978,1
1.18539928,-0.74592215,1
-0.06168844,2.03443602,0
0.67543345,-1.93122164,1
1.63113702,-0.02735276,1
0.22490783,0.15980386,0
-0.79941039,1.55194854,0
0.06594656,1.08965579,0
0.49338349,0.36310049,0
-1.04783813,0.28662953,0
0.46455342,-0.03837829,0
-1.49616945,0.68835659,0
0.93246007,0.62438717,0
-1.30669463,0.58008397,0
1.21952802,-1.32831991,1
0.29655915,-1.47439574,1
-0.45282595,0.97716747,0
0.13236110,-0.59475759,0
-0.47986539,-0.29155649,1
0.44725705,-0.11745592,0
-1.19053647,0.31787463,0
1.38397552,0.43686046,1
0.25316094,-0.93789696,1
-1.95327202,1.43136256,0
1.89863581,0.25402746,1
0.11757580,0.62583837,0
0.38759424,-1.16774526,1
-0.48600419,0.62246802,0
0.23260185,1.61700366,0
-0.31688118,0.54313465,0
1.34727129,-1.09855875,1
0.07537401,1.11178691,0
-1.14095220,-0.17314481,0
-0.39856021,1.20473175,0
0.31862711,0.47587343,0
-0.69684325,-1.39418450,1
1.39019983,0.41391110,1
0.56604510,0.10640268,0
-0.78311266,1.73239775,0
-0.12235871,-0.72544661,1
-0.27848071,0.27021357,0
-0.89764846,0.94804904,0
1.51963648,-1.01275245,1
-1.02681449,0.96970888,0
0.21871873,-0.01114365,0
-1.30575812,0.48291519,0
1.63665872,-1.24286463,1
-0.57124238,0.33559600,1
0.80171716,1.25352457,0
1.27891278,-1.42987536,1
-0.07984376,1.01848387,0
0.22999108,1.29244414,0
0.99870719,-1.28111692,1
-1.06455985,0.20510078,1
-0.09775646,-2.02086521,1
-0.32396375,1.54885909,0
0.28898035,0.34287914,0
1.00708546,-1.49928575,1
-1.64253208,0.52977964,0
-2.25899806,-1.12650161,0
1.43363024,0.79568201,1
-0.35249609,1.80192489,0
0.51066206,-0.20404533,1
0.25848541,-1.46114131,1
-1.75695451,-0.42808860,0
-0.52627548,1.08235030,0
1.50109795,0.42250092,1
-1.51373314,0.15593688,0
-1.27236685,0.55075220,0
1.27824185,-1.61395479,1
1.10520958,-1.73342936,1
0.01753526,-0.59040447,1
-0.37557492,0.46024258,1
0.17922901,-1.30124122,1
1.26795931,-1.64657860,1
0.92379122,-1.05986835,1
-0.15215157,-1.16594375,1
0.58790039,-1.46623307,1
-0.79770050,-0.06442693,1
0.91897753,-1.38189309,1
0.28241056,-0.63163799,1
0.61389826,-0.35760056,0
0.95975814,0.85522861,0
1.20115558,-1.56307589,1
-0.52932409,0.16586492,1
0.44944443,-1.43143892,1
-1.66354529,1.12058943,0
0.00927364,0.86563001,0
1.20668226,-1.27713549,1
0.23959849,1.89131266,0
0.08160595,0.71823054,0
0.26025009,-0.65168734,1
-0.26329502,0.41518566,0
-1.69786721,0.25201022,0
0.34845012,-0.44819878,0
-1.63141351,-0.52227839,0
-0.86035008,0.24943721,1
0.73135619,-0.34954208,0
0.72649441,-0.83455297,1
1.09889687,-0.96117275,1
0.15980748,0.94339844,0
1.46591854,-0.62693817,1
-0.57637032,-1.24359311,1
1.57445975,-0.57098172,1
-0.29677381,-0.67867007,1
1.03156989,-0.29408932,1
-0.21104766,-0.65393372,1
-0.26214360,1.68970626,0
-1.32099491,1.13804471,0
1.36423964,-1.74014319,1
-0.34331531,-0.01499763,1
0.31447248,-0.62322391,1
-1.04910741,1.30554586,0
-1.63594764,0.75684267,0
0.54984138,0.51413175,0
-0.80204414,1.66544273,0
-0.83117205,0.74866218,0
1.32634152,-0.20936136,1
1.00182520,-1.56642840,1
0.15514099,0.42611994,0
0.26022816,0.36334642,0
-0.65891094,1.49711170,0
-0.50181283,1.79735435,0
0.77414854,-0.71490933,1
0.33718497,-1.77022424,1
-1.50094392,-0.52753560,0
1.61845745,-0.80480824,1
1.19136376,-1.30645123,1
1.07132886,-0.09352577,0
0.55262165,0.95062696,0
-1.81630186,-0.04682308,0
1.84485270,0.11978552,1
-0.25430616,-0.12460482,1
1.45199284,-1.90103807,1
1.53308574,-0.02412178,1
1.46137240,-0.40228275,1
0.37156135,0.21804953,0
0.23648518,0.31325532,0
0.69548592,-1.14573236,1
1.50828055,-0.10758065,1
0.88570376,-1.44202421,1
-0.79744084,0.86690792,0
1.39045965,-1.30026627,1
0.50322592,-0.24060412,0
1.80464358,-0.37428729,1
-1.29178683,0.61796905,0
-0.75680241,-1.42928350,1
0.15844244,0.71919735,0
0.73063995,0.01122515,0
0.31186732,-1.31905316,1
1.62243962,-0.65421811,1
-1.58670060,0.79540551,0
-0.27145739,2.10546915,0
0.41301110,0.15682147,0
0.82642456,0.64387968,0
0.95469152,-1.47126458,1
-0.96995826,1.78376498,0
1.29168553,-1.31860792,1
0.00180677,0.48808602,0
0.69664034,0.63061958,0
0.23766919,0.66583967,0
-1.43609396,1.18419563,0
-0.40027776,1.01920815,0
-2.22467259,-0.25682990,0
1.07278642,-0.96919157,1
0.28955868,-0.58908746,1
-0.58961604,-0.79609688,1
0.17110600,0.84559515,0
0.44133966,1.33014881,0
0.28958941,1.18241925,0
1.38888749,0.68361725,1
-0.85777130,-0.61427841,1
-0.75549201,0.52066812,0
0.52945516,0.09079342,0
-1.70854202,0.42861366,0
-0.91139940,1.10454095,0
1.49313001,-0.18983054,1
-1.32649430,-0.23680037,0
-0.76749568,-0.87809213,1
1.53947889,-0.48519779,1
-0.58375560,1.02337194,0
-1.60269639,-0.06444225,0
1.29824141,-1.62226816,1
-1.19135734,0.48388380,0
0.38130622,-0.81965304,1
1.18318908,-0.99665849,1
-1.52042007,1.01067508,0
1.13583967,-0.86682619,1
0.07178881,1.68225870,0
-0.33987162,1.93981121,0
0.57291201,-0.76570276,1
-1.48058693,0.58696532,0
-0.55198898,-0.55287595,1
-0.77477830,1.15461603,0
0.19476784,-1.27554499,1
0.92212882,-1.64620816,1
-1.37361878,0.21347430,0
0.17423733,0.73470935,0
0.06026785,-1.55555002,1
-1.53626185,-0.69404302,0
0.51801479,-0.53486904,0
0.39169758,0.59668053,0
-1.93447259,-0.09801372,0
1.23062475,-0.77297816,1
-0.53259894,1.22048764,0
-1.18273943,-0.16179676,0
1.55166521,-0.80600962,1
1.21300948,-1.52035422,1
0.34855315,-0.82736364,1
0.50868054,-0.84366324,0
-1.42671702,1.01339320,0
-0.88880355,0.25207290,1
0.04400480,-1.64303424,1
-1.65019925,0.75061556,0
0.65064810,-1.63132513,1
-0.32486161,-1.30611879,1
1.75119708,-1.60906953,1
-0.63091831,0.44262114,1
0.42193500,1.13244757,0
0.11118542,-0.03106756,1
-0.71983777,1.48716708,0
1.06211609,-1.24406656,1
1.15909781,-0.41701986,0
1.36299811,-0.96356435,1
-0.34022119,-1.68376669,1
1.52491133,0.22815979,1
0.98811467,-1.01889047,1
0.59506103,0.42728401,0
0.71143124,-1.85380586,1
0.35776443,0.36809682,0
1.11330988,0.14764729,1
-0.85442244,0.73347874,0
-0.78777822,0.76115276,1
-1.44655088,0.55980043,0
-0.49096739,-0.52468621,1
-1.10304290,1.33626693,0
-0.31140795,-0.88572028,1
-0.96424927,0.49071956,1
-0.83722219,0.98224952,0
-0.73710753,2.17984190,0
1.58306728,0.46836139,1
-0.48369139,1.34889682,0
1.11310813,-1.84221221,1
-0.47537891,-0.61722187,1
-1.20218811,0.49150634,0
-0.32637205,-1.20001572,1
-0.28611540,0.49353078,0
-0.43358363,-0.08971034,1
1.66638213,-0.37894228,1
-0.14259877,-1.10125477,1
-1.59521502,0.24933247,0
-1.45453833,-0.14185230,0
1.44542052,0.50526289,1
1.80515680,0.05557947,1
-0.56131183,0.10014730,1
-1.69052630,0.68340026,0
0.25137016,-1.54002323,1
0.39357358,0.04404096,0
0.09686611,0.06255565,0
-0.12563646,-0.09463907,0
0.67823544,0.69312945,0
0.07318021,0.70846617,0
-1.00221589,1.28920412,0
0.13534155,-1.23394556,1
-0.19939167,0.08505059,1
-1.14956705,-0.21184710,0
-0.53508311,1.68904713,0
-0.40042333,0.23537303,1
-0.33278021,1.78043702,0
1.33388098,-1.25514720,1
0.03403967,-1.09980322,1
0.08979660,-1.31960523,1
1.77731223,0.45049845,1
1.74008268,0.12864677,1
0.26400756,0.44914954,0
-0.40314527,0.84003521,0
-1.09933117,0.68868523,0
-1.82386097,0.92342498,0
0.55228498,-1.70493165,1
0.50400913,-1.20841283,1
-0.75021561,0.37319484,0
0.21529337,1.52645034,0
-0.07179474,-1.04304493,1
0.72662787,-1.20332625,1
-0.22013636,-0.57716901,1
1.60732344,-0.67267221,1
1.58984947,0.26465277,1
1.56268209,0.00206112,1
-0.26711067,1.60533612,0
1.70459509,0.21792605,1
-0.20197160,-0.25100245,1
1.55299875,0.90371121,1
-0.39966188,0.92306761,0
-1.88289571,0.00868192,0
0.31221002,0.45412989,0
1.81406919,-0.60119241,1
-0.25486554,0.97029013,1
1.82748708,-0.89427507,1
0.49995419,0.19595287,0
0.38330110,0.24675788,0
-0.46363428,1.09629217,0
-0.90623685,1.34436465,0
0.83805182,0.50965964,0
-1.15243243,-0.24148007,0
-1.57736225,0.72669400,0
0.41821150,-1.51882342,1
-1.14317694,0.22607398,0
-0.71947314,0.17953309,1
-0.20216288,1.35411729,0
-0.61028578,-0.17647867,1
-0.39911235,-0.72502129,1
0.80105937,-1.77695576,1
0.73809217,-0.15394495,0
-0.16137174,-1.89835726,1
1.42304698,-0.55087148,1
-0.07104496,-1.70101784,1
-0.23796058,0.52897842,0
-1.83298534,0.33926861,0
-1.30833331,-0.41973211,0
-1.64529462,-0.55556143,0
-0.56891530,1.89064983,0
0.16070919,-0.66852621,1
0.11483344,-0.83114325,1
-0.62751676,1.18965600,0
-1.33107141,0.23291752,0
-0.98191618,1.67215542,0
-0.01097007,1.25722333,0
1.85904245,0.45934082,1
-0.29474795,-0.92433617,1
1.82801543,-0.15583105,1
-1.28162040,1.03298501,0
1.17062424,-1.54967575,1
-1.72222557,0.68805082,0
-0.27864054,-0.23864079,1
-1.63529440,0.50026866,0
-0.32239780,-1.33300150,1
1.12939414,-1.25058168,1
-1.48782685,-0.96885556,0
-1.69276263,0.28367738,0
-1.49147165,-0.14371555,0
0.55490912,-1.55688109,1
0.26866118,-1.62879898,1
1.34322052,-0.49770638,1
0.42122092,-1.05758400,1
0.49400590,0.44934517,0
0.20529638,1.20980964,0
-1.69587918,-0.92785800,0
2.31627658,-0.28612205,1
-1.73187103,-0.15279221,0
-0.17965446,1.25742223,0
-1.44012866,0.37653924,0
0.18422649,0.64002224,0
-1.47114970,0.18294669,0
0.34510202,-1.29941134,1
1.63449212,-0.77185402,1
0.15067738,0.41644976,0
1.16637269,-0.29143821,1
0.65530439,-0.93321932,1
-1.59312783,0.07011336,0
-0.03762639,-1.48771837,1
0.31275221,0.50584234,0
-0.16088141,-0.26352858,1
-1.20386055,-0.44787223,0
-0.50160865,0.88802649,0
1.16590171,-1.51584011,1
1.71922977,0.95470886,1
0.86008924,0.41915165,0
1.58687125,-0.37716937,1
0.20271533,-0.90606480,1
1.36426290,-0.35214613,1
1.06485429,-0.85007718,1
0.27107355,-1.65559115,1
0.89547612,-0.97797052,1
-0.58760574,0.01937640,1
0.25361037,0.67287436,0
-1.98861111,0.40951644,0
2.13129057,-1.13133490,1
0.23456037,0.06046410,0
-0.05135276,0.29221069,0
-0.09422192,0.67020138,1
0.92067183,0.15572713,0
-1.26598476,1.02226694,0
0.01107071,0.25346293,1
2.03453272,1.24124147,1
0.16678960,0.25070879,0
-0.40134400,2.04697029,0
-1.82697052,-0.09792369,0
0.67152983,-0.01827011,0
0.78643724,-1.08078502,1
0.41453664,0.56410046,0
-0.26050301,-1.05842536,1
-0.38177801,0.87999641,0
-0.67528325,-1.29192462,1
-1.56985966,1.78153975,0
0.23523476,0.31013018,0
0.32435393,-1.85578917,1
-1.85041674,-0.26792075,0
-0.10666416,-0.83625781,1
0.34069308,-1.85009752,1
1.95516490,-0.43263144,1
0.30106937,0.73940879,0
-0.59653002,0.06861554,1
0.77503611,-0.14859441,0
-0.65141985,1.09095575,0
0.57412905,0.40179285,0
-0.89379266,0.30628622,0
-0.40757979,-0.60784179,1
0.45771697,-1.65042676,1
0.27563854,-2.09870471,1
-0.10271502,-0.04120882,1
0.04661245,-0.82439108,1
-0.93419689,-0.46468284,1
-0.89419378,0.46231138,1
-0.54201553,0.82444072,0
0.41650185,1.23676015,0
-0.13882162,-1.88802233,1
-0.21160239,0.91410741,0
-0.58724055,0.62930980,1
0.19433548,0.67118196,0
0.59544568,0.35938762,0
-0.47836521,1.02691368,0
0.00880947,0.08655477,1
-0.20190614,-0.50400113,1
0.60136830,-1.76563561,1
0.46152599,0.09020199,0
1.66855738,-0.78983981,1
0.54929016,-0.51640999,1
1.13503657,-0.94810576,1
-0.91558016,1.10625258,0
-0.12040471,0.81864666,0
-1.80318454,0.48514104,0
-1.19226266,0.40651083,0
1.43308257,0.78205492,1
-0.28132864,-1.59757830,1
0.85751777,0.09422300,0
-1.64979821,0.84946983,0
1.48175576,-0.44324439,1
-0.73732528,-0.24571014,1
2.00899941,0.08758117,1
0.81220354,-1.21007788,1
-0.40411844,0.70715833,1
0.81482152,-0.23989359,0
